,Age,Fare,Sex,sibsp,Parch,Pclass,Embarked,X2urvived
0,0.0375,0.03659756266088288,0.0,1.0,1.0,2.0,2.0,1
1,0.2375,0.01537917417160685,1.0,0.0,0.0,3.0,1.0,1
2,0.4625,0.16231419173453318,0.0,1.0,1.0,1.0,0.0,0
3,0.3125,0.014151057562208049,0.0,0.0,0.0,3.0,2.0,0
4,0.2,0.014931805565640218,1.0,0.0,0.0,3.0,2.0,0
5,0.125,0.04713766070721715,1.0,0.0,2.0,3.0,2.0,0
6,0.35,0.015712553569072387,0.0,0.0,0.0,3.0,2.0,0
7,0.3375,0.029343047399992037,0.0,0.0,0.0,2.0,0.0,0
8,0.35,0.060507970265993034,0.0,0.0,0.0,1.0,2.0,0
9,0.225,0.015175789316712771,0.0,0.0,0.0,3.0,2.0,0
10,0.35,0.015411575213749284,0.0,0.0,0.0,3.0,2.0,0
11,0.35,0.025374310111545468,1.0,0.0,0.0,2.0,2.0,1
12,0.45,0.23422440102965045,1.0,1.0,2.0,1.0,2.0,1
13,0.775,0.020494635090094415,0.0,0.0,0.0,2.0,2.0,1
14,0.0125,0.04015972542654215,0.0,1.0,2.0,3.0,2.0,1
15,0.35,0.015126992566498259,0.0,0.0,0.0,3.0,1.0,0
16,0.45,0.014630827210317115,0.0,0.0,0.0,3.0,2.0,0
17,0.6875,0.2647385704347907,1.0,0.0,0.0,1.0,0.0,0
18,0.2,0.09154270340242172,1.0,5.0,2.0,3.0,2.0,0
19,0.010374999999999999,0.01824998458022693,0.0,0.0,1.0,3.0,2.0,0
20,0.05,0.03259622914329302,1.0,1.0,1.0,3.0,2.0,1
21,0.2625,0.04713766070721715,0.0,2.0,0.0,3.0,2.0,0
22,0.3875,0.11125659048908397,0.0,1.0,0.0,1.0,2.0,1
23,0.35,0.015834545444608664,1.0,0.0,0.0,3.0,2.0,0
24,0.25,0.014102260811993537,0.0,0.0,0.0,3.0,0.0,0
25,0.45,1.0,0.0,0.0,1.0,1.0,0.0,1
26,0.35,0.029757819776815374,0.0,1.0,1.0,3.0,0.0,1
27,0.35,0.10149724044618187,0.0,0.0,0.0,1.0,2.0,0
28,0.025,0.05445717323939373,1.0,3.0,2.0,3.0,2.0,0
29,0.5625,0.051822148727810165,0.0,0.0,0.0,1.0,2.0,0
30,0.375,0.11111839809247648,1.0,0.0,0.0,1.0,0.0,1
31,0.3125,0.014931805565640218,0.0,0.0,0.0,3.0,2.0,0
32,0.3,0.015175789316712771,0.0,0.0,0.0,3.0,2.0,0
33,0.2875,0.015330377421392339,0.0,0.0,0.0,3.0,2.0,0
34,0.35,0.013760683560491965,0.0,0.0,0.0,3.0,2.0,0
35,0.35,0.015126992566498259,1.0,0.0,0.0,3.0,1.0,0
36,0.3,0.07222738817151159,1.0,1.0,1.0,2.0,0.0,0
37,0.025,0.050748620223090936,1.0,1.0,1.0,2.0,2.0,1
38,0.25,0.016908073949327893,0.0,0.0,0.0,3.0,2.0,0
39,0.35,0.015712553569072387,0.0,0.0,0.0,3.0,2.0,0
40,0.4875,0.025374310111545468,0.0,0.0,0.0,2.0,2.0,0
41,0.35,0.014110458666029575,0.0,0.0,0.0,3.0,0.0,0
42,0.2125,0.013907073811135496,0.0,0.0,0.0,3.0,2.0,0
43,0.50625,0.029473237129564348,0.0,0.0,0.0,3.0,2.0,0
44,0.35,0.031425107138144774,0.0,1.0,0.0,3.0,2.0,0
45,0.2125,0.031425107138144774,1.0,0.0,1.0,3.0,2.0,0
46,0.25,0.015330377421392339,1.0,0.0,0.0,3.0,2.0,0
47,0.5875,0.028302115124416098,1.0,1.0,0.0,3.0,2.0,0
48,0.6875,0.03122992013728673,1.0,0.0,0.0,2.0,2.0,1
49,0.6625,0.0535706338814965,1.0,0.0,0.0,1.0,0.0,0
50,0.7375,0.10048070654571319,1.0,2.0,0.0,1.0,2.0,0
51,0.5125,0.013907073811135496,0.0,0.0,0.0,3.0,2.0,0
52,0.3125,0.015411575213749284,0.0,0.0,0.0,3.0,2.0,0
53,0.004125,0.028106928123558056,0.0,0.0,2.0,3.0,2.0,0
54,0.5,0.030253985132996517,0.0,1.0,1.0,3.0,1.0,0
55,0.2375,0.015330377421392339,1.0,1.0,0.0,3.0,2.0,1
56,0.4625,0.015468569817999833,0.0,2.0,0.0,3.0,2.0,0
57,0.7,0.051822148727810165,0.0,0.0,0.0,1.0,2.0,0
58,0.275,0.014110458666029575,0.0,0.0,0.0,3.0,0.0,0
59,0.1625,0.0380614651673182,1.0,0.0,1.0,2.0,2.0,1
60,0.35,0.014110458666029575,0.0,0.0,0.0,3.0,0.0,0
61,0.525,0.06343577527886367,0.0,1.0,1.0,2.0,2.0,0
62,0.125,0.05445717323939373,0.0,3.0,2.0,3.0,2.0,0
63,0.6,0.1497654242623688,0.0,1.0,0.0,1.0,0.0,1
64,0.3875,0.015126992566498259,0.0,0.0,0.0,3.0,1.0,0
65,0.35,0.028302115124416098,0.0,0.0,0.0,3.0,2.0,0
66,0.35,0.015126992566498259,0.0,1.0,0.0,3.0,1.0,0
67,0.35,0.09193307740413781,0.0,0.0,0.0,1.0,2.0,0
68,0.275,0.015411575213749284,0.0,0.0,0.0,3.0,2.0,0
69,0.35,0.13575255909676823,1.0,8.0,2.0,3.0,2.0,0
70,0.35,0.015126992566498259,0.0,0.0,0.0,3.0,1.0,0
71,0.6125,0.12687155055772734,0.0,1.0,2.0,2.0,2.0,0
72,0.4125,0.04015972542654215,1.0,1.0,2.0,3.0,2.0,0
73,0.375,0.031425107138144774,0.0,1.0,0.0,3.0,2.0,0
74,0.225,0.025374310111545468,1.0,0.0,2.0,2.0,2.0,1
75,0.325,0.050748620223090936,1.0,1.0,1.0,2.0,2.0,0
76,0.35,0.014110458666029575,0.0,0.0,0.0,3.0,0.0,0
77,0.2125,0.028220722145058292,1.0,0.0,0.0,3.0,0.0,0
78,0.35,0.5133418122566505,1.0,3.0,2.0,1.0,2.0,0
79,0.35,0.014151057562208049,0.0,0.0,0.0,3.0,2.0,0
80,0.3,0.015126992566498259,1.0,0.0,0.0,3.0,1.0,0
81,0.35,0.015126992566498259,1.0,0.0,0.0,3.0,1.0,0
82,0.375,0.016908073949327893,1.0,0.0,0.0,3.0,2.0,0
83,0.35,0.051822148727810165,0.0,0.0,0.0,1.0,2.0,1
84,0.5125,0.0380614651673182,1.0,0.0,1.0,2.0,2.0,1
85,0.325,0.015330377421392339,0.0,1.0,0.0,3.0,2.0,0
86,0.23125,0.014110458666029575,0.0,0.0,0.0,3.0,0.0,0
87,0.40625,0.025374310111545468,1.0,0.0,0.0,2.0,2.0,1
88,0.35,0.028302115124416098,1.0,0.0,0.0,3.0,2.0,0
89,0.3125,0.018542765081513996,0.0,0.0,0.0,3.0,2.0,0
90,0.35,0.015126992566498259,1.0,0.0,0.0,3.0,1.0,0
91,0.025,0.056848213999904744,0.0,4.0,1.0,3.0,1.0,0
92,0.6125,0.050610427826483444,1.0,0.0,0.0,1.0,2.0,1
93,0.3,0.03259622914329302,1.0,0.0,2.0,3.0,2.0,1
94,0.225,0.1434624456306609,0.0,0.0,0.0,2.0,2.0,0
95,0.35,0.015126992566498259,1.0,0.0,0.0,3.0,1.0,0
96,0.35,0.017005667449756914,0.0,0.0,0.0,3.0,0.0,0
97,0.3875,0.016948672845506364,1.0,0.0,0.0,3.0,2.0,1
98,0.1875,0.014110458666029575,0.0,1.0,1.0,3.0,0.0,0
99,0.4875,0.0,0.0,0.0,0.0,1.0,2.0,0
100,0.35,0.13575255909676823,0.0,1.0,9.0,3.0,2.0,0
101,0.8,0.051822148727810165,1.0,1.0,1.0,1.0,2.0,0
102,0.35,0.015183987170748809,1.0,0.0,0.0,3.0,1.0,0
103,0.425,0.04489301019734967,1.0,0.0,1.0,2.0,2.0,1
104,0.4,0.015468569817999833,0.0,0.0,0.0,3.0,2.0,0
105,0.375,0.024861944234293106,0.0,0.0,0.0,2.0,0.0,0
106,0.35,0.028212719478023115,1.0,1.0,0.0,3.0,0.0,0
107,0.525,0.01640390592611157,0.0,0.0,1.0,3.0,2.0,0
108,0.4875,0.015468569817999833,0.0,0.0,0.0,3.0,2.0,1
109,0.05,0.04298993693898376,1.0,0.0,2.0,3.0,2.0,1
110,0.0625,0.061264319894317944,0.0,4.0,2.0,3.0,2.0,0
111,0.2625,0.016908073949327893,0.0,0.0,0.0,3.0,2.0,0
112,0.2375,0.015411575213749284,0.0,0.0,0.0,3.0,2.0,0
113,0.875,0.13858277060920984,0.0,1.0,1.0,1.0,2.0,0
114,0.375,0.04713766070721715,1.0,1.0,1.0,3.0,2.0,0
115,0.35,0.014110458666029575,0.0,0.0,0.0,3.0,0.0,0
116,0.35,0.04970768794751499,0.0,3.0,1.0,3.0,2.0,0
117,0.375,0.20772776566317125,1.0,0.0,0.0,1.0,0.0,1
118,0.35,0.015200187691820024,1.0,0.0,0.0,3.0,1.0,1
119,0.725,0.2995388511917728,1.0,0.0,1.0,1.0,2.0,1
120,0.010374999999999999,0.056604230248832196,0.0,0.0,2.0,2.0,2.0,1
121,0.3375,0.015468569817999833,1.0,1.0,0.0,3.0,2.0,0
122,0.2875,0.016908073949327893,1.0,0.0,0.0,3.0,2.0,0
123,0.275,0.023983602730431916,1.0,1.0,1.0,3.0,2.0,0
124,0.35,0.013565496559633922,0.0,0.0,0.0,3.0,1.0,0
125,0.2625,0.11980421963065935,0.0,0.0,1.0,1.0,0.0,0
126,0.4,0.015468569817999833,0.0,0.0,0.0,3.0,2.0,1
127,0.5,0.025374310111545468,0.0,0.0,0.0,2.0,2.0,0
128,0.35,0.014110458666029575,0.0,0.0,0.0,3.0,0.0,0
129,0.3,0.015712553569072387,0.0,0.0,0.0,3.0,2.0,0
130,0.375,0.060507970265993034,1.0,0.0,0.0,1.0,0.0,1
131,0.35,0.018542765081513996,0.0,0.0,0.0,3.0,2.0,0
132,0.35,0.015126992566498259,0.0,0.0,0.0,3.0,1.0,0
133,0.025,0.023983602730431916,1.0,0.0,1.0,3.0,2.0,1
134,0.35,0.04364049521284361,0.0,1.0,1.0,3.0,0.0,0
135,0.35,0.015712553569072387,0.0,0.0,0.0,3.0,2.0,0
136,0.3,0.4831284260198326,0.0,0.0,1.0,1.0,0.0,0
137,0.7875,0.018713553707264782,1.0,0.0,0.0,3.0,2.0,1
138,0.35,0.05410739813385612,0.0,0.0,0.0,1.0,0.0,0
139,0.65,0.1554664461834305,0.0,1.0,1.0,1.0,2.0,0
140,0.725,0.22109807522194713,0.0,0.0,2.0,1.0,0.0,0
141,0.4125,0.050748620223090936,1.0,0.0,2.0,2.0,2.0,1
142,0.325,0.015468569817999833,1.0,0.0,0.0,3.0,2.0,1
143,0.6375,0.015126992566498259,0.0,0.0,0.0,3.0,2.0,0
144,0.35,0.014110458666029575,0.0,0.0,0.0,3.0,0.0,0
145,0.5625,0.06929138530460492,0.0,0.0,0.0,1.0,2.0,0
146,0.475,0.025374310111545468,1.0,0.0,0.0,2.0,2.0,0
147,0.35,0.020494635090094415,0.0,0.0,0.0,2.0,2.0,0
148,0.0125,0.0761229303346364,0.0,2.0,1.0,2.0,2.0,1
149,0.35,0.028220722145058292,0.0,0.0,0.0,3.0,0.0,0
150,0.4875,0.050748620223090936,0.0,0.0,0.0,2.0,2.0,0
151,0.35,0.015411575213749284,0.0,0.0,0.0,3.0,2.0,0
152,0.4875,0.2125586439344078,1.0,0.0,0.0,1.0,0.0,0
153,0.35,0.015126992566498259,0.0,0.0,0.0,3.0,1.0,0
154,0.35,0.015712553569072387,0.0,0.0,0.0,3.0,2.0,0
155,0.35,0.028302115124416098,0.0,1.0,1.0,3.0,2.0,0
156,0.3875,0.015330377421392339,1.0,0.0,0.0,3.0,2.0,0
157,0.4375,0.020494635090094415,0.0,0.0,0.0,2.0,2.0,0
158,0.4375,0.03952536767375352,1.0,1.0,1.0,3.0,2.0,1
159,0.35,0.028212719478023115,1.0,1.0,0.0,3.0,0.0,0
160,0.1625,0.5121218935012878,0.0,2.0,2.0,1.0,0.0,0
161,0.1375,0.23422440102965045,0.0,1.0,2.0,1.0,2.0,1
162,0.18125,0.028212719478023115,1.0,1.0,0.0,3.0,0.0,0
163,0.1875,0.0761229303346364,1.0,0.0,2.0,2.0,2.0,0
164,0.2875,0.013760683560491965,0.0,0.0,0.0,3.0,2.0,0
165,0.35,0.014102260811993537,0.0,0.0,0.0,3.0,0.0,0
166,0.2625,0.015216388212891242,0.0,0.0,0.0,3.0,2.0,0
167,0.2,0.050748620223090936,0.0,0.0,0.0,2.0,2.0,0
168,0.425,0.051822148727810165,0.0,0.0,0.0,1.0,2.0,1
169,0.3875,0.04098927018018883,1.0,0.0,0.0,2.0,2.0,0
170,0.325,0.026887009368195294,1.0,0.0,2.0,3.0,2.0,0
171,0.4375,0.015712553569072387,0.0,0.0,0.0,3.0,2.0,0
172,0.5625,0.12366716556464086,1.0,0.0,1.0,1.0,0.0,0
173,0.35,0.015126992566498259,1.0,0.0,0.0,3.0,1.0,1
174,0.5,0.09154270340242172,0.0,1.0,6.0,3.0,2.0,0
175,0.5375,0.05410739813385612,0.0,1.0,0.0,1.0,0.0,0
176,0.225,0.1434624456306609,0.0,0.0,0.0,2.0,2.0,0
177,0.35,0.13575255909676823,0.0,8.0,2.0,3.0,2.0,0
178,0.8125,0.015126992566498259,0.0,0.0,0.0,3.0,1.0,0
179,0.3625,0.020494635090094415,1.0,0.0,0.0,2.0,2.0,1
180,0.1125,0.09154270340242172,0.0,5.0,2.0,3.0,2.0,0
181,0.3375,0.015411575213749284,0.0,0.0,0.0,3.0,2.0,0
182,0.35,0.050748620223090936,0.0,0.0,0.0,2.0,2.0,0
183,0.4625,0.057970539254838485,0.0,0.0,1.0,1.0,0.0,0
184,0.275,0.04098927018018883,1.0,0.0,0.0,2.0,2.0,0
185,0.3125,0.05855610025741261,1.0,1.0,1.0,2.0,2.0,1
186,0.35,0.10735285047192313,1.0,0.0,1.0,1.0,2.0,1
187,0.3875,0.015468569817999833,0.0,0.0,0.0,3.0,2.0,1
188,0.2625,0.015265184963105752,0.0,0.0,0.0,3.0,1.0,0
189,0.65,0.1527664244005612,1.0,1.0,0.0,1.0,0.0,1
190,0.125,0.056848213999904744,0.0,4.0,1.0,3.0,1.0,0
191,0.35,0.04396587194327397,0.0,0.0,0.0,3.0,2.0,0
192,0.5625,0.027537567642055148,1.0,1.0,0.0,3.0,2.0,0
193,0.275,0.027130993119267845,1.0,1.0,0.0,3.0,2.0,0
194,0.275,0.1209753416358076,1.0,0.0,1.0,1.0,0.0,0
195,0.45,0.015411575213749284,0.0,0.0,0.0,3.0,2.0,0
196,0.5,0.018493968331299484,1.0,1.0,0.0,3.0,2.0,0
197,0.3125,0.015216388212891242,0.0,0.0,0.0,3.0,2.0,0
198,0.3375,0.024349578357040744,1.0,0.0,1.0,3.0,2.0,1
199,0.625,0.025374310111545468,0.0,0.0,0.0,2.0,2.0,0
200,0.35,0.030253985132996517,0.0,0.0,0.0,3.0,1.0,0
201,0.675,0.027326180120125887,0.0,0.0,0.0,2.0,2.0,0
202,0.3875,0.22109807522194713,1.0,1.0,0.0,1.0,0.0,1
203,0.225,0.025374310111545468,1.0,1.0,1.0,2.0,2.0,0
204,0.6375,0.07690367833806856,1.0,0.0,1.0,1.0,2.0,0
205,0.35,0.11027245763075773,0.0,0.0,0.0,3.0,2.0,1
206,0.4375,0.013760683560491965,0.0,0.0,0.0,3.0,2.0,0
207,0.35,0.03040857323767609,0.0,0.0,0.0,2.0,0.0,0
208,0.0375,0.061264319894317944,0.0,4.0,2.0,3.0,2.0,1
209,0.35,0.014102260811993537,1.0,0.0,0.0,3.0,0.0,1
210,0.35,0.15458810467956932,1.0,0.0,0.0,1.0,0.0,1
211,0.5,0.05410739813385612,0.0,0.0,0.0,1.0,0.0,0
212,0.3375,0.016908073949327893,0.0,0.0,0.0,3.0,2.0,0
213,0.225,0.014630827210317115,1.0,0.0,0.0,3.0,2.0,1
214,0.3625,0.015175789316712771,0.0,0.0,0.0,3.0,2.0,0
215,0.475,0.013760683560491965,0.0,0.0,0.0,3.0,2.0,0
216,0.1375,0.06104473451835265,1.0,4.0,2.0,3.0,2.0,0
217,0.3875,0.025374310111545468,0.0,0.0,0.0,2.0,2.0,1
218,0.5125,0.039452172548431745,1.0,0.0,2.0,3.0,2.0,0
219,0.3625,0.018510168852370702,0.0,0.0,0.0,3.0,2.0,0
220,0.6,0.12687155055772734,1.0,1.0,2.0,2.0,2.0,1
221,0.35,0.015411575213749284,0.0,0.0,0.0,3.0,2.0,0
222,0.3125,0.014102260811993537,0.0,0.0,0.0,3.0,0.0,0
223,0.075,0.029757819776815374,0.0,1.0,1.0,3.0,0.0,0
224,0.4,0.015330377421392339,0.0,0.0,0.0,3.0,2.0,1
225,0.45,0.020494635090094415,0.0,0.0,0.0,2.0,2.0,0
226,0.35,0.030253985132996517,0.0,1.0,0.0,3.0,1.0,0
227,0.35,0.07729405233978466,0.0,0.0,0.0,1.0,2.0,0
228,0.2625,0.15085515328815924,0.0,0.0,1.0,1.0,2.0,0
229,0.35,0.015395374692678068,0.0,0.0,0.0,3.0,2.0,0
230,0.2375,0.015411575213749284,0.0,0.0,0.0,3.0,2.0,0
231,0.008375,0.028302115124416098,0.0,1.0,1.0,2.0,2.0,1
232,0.325,0.020494635090094415,0.0,0.0,0.0,2.0,2.0,0
233,0.3,0.061483905270283246,0.0,2.0,0.0,2.0,2.0,0
234,0.3,0.050748620223090936,1.0,1.0,0.0,2.0,2.0,1
235,0.35,0.015126992566498259,1.0,0.0,2.0,3.0,1.0,0
236,0.7,0.06929138530460492,0.0,0.0,0.0,1.0,0.0,1
237,0.3375,0.050748620223090936,0.0,1.0,0.0,2.0,2.0,0
238,0.35,0.015175789316712771,0.0,0.0,0.0,3.0,2.0,0
239,0.8125,0.1209753416358076,0.0,0.0,1.0,1.0,0.0,0
240,0.375,0.025374310111545468,1.0,0.0,0.0,2.0,2.0,1
241,0.7125,0.024105594605968193,0.0,0.0,0.0,2.0,1.0,0
242,0.3,0.16057390443488287,0.0,1.0,0.0,1.0,2.0,0
243,0.375,0.015712553569072387,0.0,0.0,0.0,3.0,2.0,0
244,0.675,0.04489301019734967,1.0,1.0,3.0,2.0,2.0,1
245,0.4125,0.05416439273810667,1.0,1.0,2.0,2.0,2.0,1
246,0.35,0.04231498029001666,0.0,2.0,0.0,3.0,0.0,0
247,0.8375,0.4328841690069588,0.0,1.0,0.0,1.0,2.0,0
248,0.675,0.1527664244005612,1.0,1.0,0.0,1.0,0.0,1
249,0.35,0.015126992566498259,1.0,0.0,0.0,3.0,1.0,1
250,0.2875,0.015411575213749284,0.0,0.0,0.0,3.0,2.0,0
251,0.15,0.0761229303346364,1.0,2.0,1.0,2.0,2.0,0
252,0.3625,0.027049600139910042,0.0,0.0,0.0,2.0,0.0,0
253,0.75,0.14891148113361488,1.0,0.0,0.0,1.0,0.0,0
254,0.35,0.014110458666029575,1.0,0.0,0.0,3.0,0.0,1
255,0.35,0.4328841690069588,0.0,0.0,0.0,1.0,2.0,0
256,0.35,0.015411575213749284,0.0,0.0,0.0,3.0,2.0,0
257,0.4875,0.056848213999904744,1.0,0.0,5.0,3.0,1.0,0
258,0.325,0.036670757786204655,0.0,0.0,0.0,3.0,0.0,1
259,0.275,0.017566830077223785,0.0,0.0,0.0,3.0,2.0,0
260,0.2375,0.025374310111545468,0.0,0.0,0.0,2.0,2.0,0
261,0.8875,0.09662576327876685,0.0,0.0,0.0,1.0,0.0,0
262,0.425,0.025374310111545468,1.0,0.0,0.0,2.0,2.0,1
263,0.3375,0.015216388212891242,0.0,0.0,0.0,3.0,2.0,1
264,0.5,0.2625265161540666,1.0,1.0,1.0,1.0,0.0,1
265,0.35,0.015281580671177828,1.0,0.0,0.0,3.0,1.0,1
266,0.625,0.020494635090094415,1.0,0.0,0.0,2.0,2.0,1
267,0.2375,0.07173122281533045,0.0,1.0,1.0,2.0,2.0,0
268,0.3,0.025374310111545468,0.0,0.0,0.0,2.0,2.0,0
269,0.35,0.08275928836380983,0.0,0.0,0.0,1.0,2.0,0
270,0.35,0.015712553569072387,0.0,0.0,0.0,3.0,2.0,0
271,0.35,0.0,0.0,0.0,0.0,1.0,2.0,0
272,0.65,0.025374310111545468,0.0,0.0,0.0,2.0,2.0,0
273,0.2125,0.020494635090094415,1.0,0.0,0.0,2.0,2.0,1
274,0.6375,0.11980421963065935,0.0,0.0,1.0,1.0,0.0,0
275,0.425,0.025374310111545468,0.0,0.0,0.0,2.0,2.0,0
276,0.3,0.015330377421392339,0.0,0.0,0.0,3.0,2.0,0
277,0.35,0.015102594191391002,1.0,0.0,0.0,3.0,1.0,1
278,0.35,0.04364049521284361,1.0,1.0,1.0,3.0,0.0,1
279,0.4875,0.1554664461834305,1.0,1.0,1.0,1.0,2.0,1
280,0.25,0.016908073949327893,1.0,0.0,0.0,3.0,2.0,0
281,0.275,0.12999454257145598,1.0,1.0,0.0,1.0,2.0,1
282,0.35,0.029757819776815374,0.0,1.0,1.0,3.0,0.0,1
283,0.55,0.015468569817999833,0.0,0.0,0.0,3.0,2.0,1
284,0.2875,0.025374310111545468,0.0,0.0,0.0,2.0,2.0,0
285,0.35,0.015126992566498259,0.0,0.0,0.0,3.0,1.0,0
286,0.05,0.06104473451835265,0.0,4.0,2.0,3.0,2.0,0
287,0.5,0.0761229303346364,1.0,1.0,1.0,2.0,2.0,1
288,0.375,0.08881008539040913,0.0,0.0,0.0,1.0,2.0,0
289,0.2625,0.022446505098674834,0.0,0.0,0.0,2.0,2.0,0
290,0.3125,0.034743286152731485,0.0,1.0,0.0,3.0,2.0,0
291,0.8875,0.06764049365134761,0.0,0.0,0.0,1.0,0.0,0
292,0.2625,0.015712553569072387,0.0,0.0,0.0,3.0,2.0,0
293,0.4375,0.17566830077223786,1.0,1.0,0.0,1.0,2.0,1
294,0.225,0.022446505098674834,0.0,0.0,0.0,2.0,2.0,0
295,0.2375,0.028302115124416098,0.0,0.0,0.0,3.0,2.0,0
296,0.35,0.13575255909676823,0.0,8.0,2.0,3.0,2.0,0
297,0.275,0.014102260811993537,0.0,0.0,0.0,3.0,0.0,1
298,0.7875,0.4328841690069588,1.0,1.0,0.0,1.0,2.0,0
299,0.475,0.015175789316712771,1.0,4.0,2.0,3.0,2.0,0
300,0.35,0.014736618564782174,0.0,0.0,0.0,3.0,2.0,0
301,0.1,0.05123658772523604,1.0,0.0,2.0,2.0,2.0,1
302,0.35,0.015411575213749284,0.0,0.0,0.0,3.0,2.0,0
303,0.35,0.015126992566498259,0.0,0.0,0.0,3.0,1.0,0
304,0.55,0.015712553569072387,0.0,0.0,0.0,3.0,2.0,0
305,0.2875,0.015330377421392339,1.0,0.0,0.0,3.0,2.0,0
306,0.38125,0.015712553569072387,0.0,0.0,0.0,3.0,2.0,0
307,0.375,0.013565496559633922,1.0,0.0,0.0,3.0,1.0,0
308,0.05,0.05445717323939373,0.0,3.0,2.0,3.0,2.0,0
309,0.55,0.05410739813385612,1.0,0.0,0.0,1.0,0.0,1
310,0.55,0.050748620223090936,0.0,1.0,0.0,2.0,2.0,0
311,0.1125,0.061264319894317944,0.0,4.0,2.0,3.0,2.0,0
312,0.6,0.10149724044618187,0.0,1.0,0.0,1.0,2.0,1
313,0.35,0.014102260811993537,0.0,0.0,0.0,3.0,0.0,0
314,0.2625,0.015126992566498259,0.0,0.0,0.0,3.0,1.0,0
315,1.0,0.05855610025741261,0.0,0.0,0.0,1.0,2.0,1
316,0.675,0.050748620223090936,0.0,0.0,0.0,2.0,2.0,0
317,0.4375,0.10149724044618187,1.0,1.0,0.0,1.0,2.0,1
318,0.45,0.018542765081513996,0.0,0.0,0.0,3.0,2.0,0
319,0.3125,0.014110458666029575,0.0,0.0,0.0,3.0,0.0,0
320,0.475,0.2995388511917728,0.0,0.0,1.0,1.0,2.0,0
321,0.5,0.0,0.0,0.0,0.0,1.0,2.0,0
322,0.675,0.10122885832000206,0.0,0.0,0.0,1.0,2.0,0
323,0.3125,0.015175789316712771,0.0,1.0,0.0,3.0,2.0,1
324,0.225,0.03513366015444757,1.0,2.0,0.0,3.0,2.0,0
325,0.6875,0.09759350042902103,0.0,0.0,0.0,1.0,2.0,0
326,0.2375,0.050748620223090936,1.0,1.0,0.0,2.0,2.0,1
327,0.025,0.06104473451835265,1.0,4.0,2.0,3.0,2.0,0
328,0.3375,0.028212719478023115,0.0,1.0,0.0,3.0,0.0,0
329,0.2625,0.014931805565640218,1.0,0.0,0.0,3.0,2.0,1
330,0.3125,0.020494635090094415,0.0,0.0,0.0,2.0,2.0,0
331,0.35,0.04970768794751499,1.0,3.0,1.0,3.0,2.0,0
332,0.375,0.014891206669461744,1.0,0.0,0.0,3.0,1.0,0
333,0.4375,0.050748620223090936,0.0,0.0,0.0,2.0,2.0,0
334,0.275,0.013907073811135496,0.0,0.0,0.0,3.0,2.0,0
335,0.0875,0.07746484096553544,0.0,4.0,1.0,3.0,2.0,0
336,0.2125,0.016908073949327893,0.0,0.0,0.0,3.0,2.0,0
337,0.35,0.012565163180236457,0.0,0.0,0.0,3.0,0.0,0
338,0.3375,0.016908073949327893,0.0,0.0,0.0,3.0,2.0,0
339,0.35,0.06441171028315387,0.0,0.0,1.0,2.0,2.0,0
340,0.2375,0.0,0.0,0.0,0.0,3.0,2.0,0
341,0.2625,0.015468569817999833,0.0,0.0,0.0,3.0,2.0,0
342,0.3625,0.015468569817999833,1.0,0.0,0.0,3.0,2.0,0
343,0.5625,0.05855610025741261,1.0,0.0,2.0,2.0,2.0,0
344,0.25,0.02705779799394608,0.0,0.0,0.0,2.0,0.0,0
345,0.3125,0.025374310111545468,0.0,0.0,0.0,2.0,2.0,0
346,0.4375,0.024105594605968193,0.0,0.0,0.0,2.0,1.0,0
347,0.3,0.016908073949327893,0.0,0.0,0.0,3.0,2.0,0
348,0.4375,0.04098927018018883,1.0,0.0,0.0,2.0,2.0,1
349,0.3,0.025374310111545468,1.0,0.0,0.0,2.0,2.0,1
350,0.2125,0.2125586439344078,1.0,1.0,0.0,1.0,0.0,1
351,0.4,0.14891148113361488,1.0,0.0,0.0,1.0,0.0,1
352,0.1625,0.03952536767375352,0.0,0.0,2.0,3.0,2.0,0
353,0.325,0.15390495017656614,1.0,0.0,0.0,1.0,2.0,1
354,0.2375,0.015175789316712771,0.0,0.0,0.0,3.0,2.0,0
355,0.35,0.050602229972447406,0.0,0.0,0.0,1.0,2.0,0
356,0.3625,0.015370976317570811,0.0,0.0,0.0,3.0,2.0,0
357,0.2875,0.16057390443488287,1.0,1.0,0.0,1.0,2.0,0
358,0.325,0.031425107138144774,1.0,1.0,0.0,3.0,2.0,0
359,0.25,0.015712553569072387,0.0,0.0,0.0,3.0,2.0,0
360,0.55,0.11316786160148591,1.0,0.0,1.0,1.0,0.0,1
361,0.35,0.015126992566498259,0.0,0.0,0.0,3.0,1.0,0
362,0.325,0.016908073949327893,0.0,2.0,0.0,3.0,2.0,0
363,0.25,0.015330377421392339,0.0,0.0,0.0,3.0,2.0,0
364,0.35,0.015411575213749284,0.0,0.0,0.0,3.0,2.0,0
365,0.0125,0.030725752114070404,1.0,0.0,2.0,3.0,0.0,1
366,0.275,0.2647385704347907,0.0,0.0,0.0,1.0,0.0,0
367,0.625,0.050748620223090936,1.0,0.0,1.0,2.0,2.0,1
368,0.3625,0.050748620223090936,1.0,1.0,0.0,2.0,2.0,0
369,0.0115,0.29580589980036276,0.0,1.0,2.0,1.0,2.0,1
370,0.275,0.020494635090094415,0.0,0.0,0.0,2.0,2.0,0
371,0.35,0.013386510079847098,0.0,0.0,0.0,3.0,1.0,0
372,0.55,0.025374310111545468,0.0,0.0,0.0,2.0,2.0,0
373,0.3,0.015126992566498259,1.0,0.0,0.0,3.0,1.0,0
374,0.35,0.015411575213749284,0.0,0.0,0.0,3.0,0.0,0
375,0.5,0.060507970265993034,0.0,0.0,0.0,1.0,0.0,1
376,0.375,0.11272049299551928,0.0,1.0,0.0,1.0,0.0,0
377,0.2625,0.015411575213749284,0.0,0.0,0.0,3.0,2.0,0
378,0.23125,0.025374310111545468,0.0,0.0,0.0,2.0,2.0,0
379,0.6125,0.0,0.0,0.0,0.0,3.0,2.0,0
380,0.43125,0.012565163180236457,0.0,0.0,0.0,3.0,0.0,0
381,0.425,0.020494635090094415,1.0,0.0,0.0,2.0,2.0,1
382,0.375,0.018542765081513996,0.0,0.0,0.0,3.0,2.0,1
383,0.3,0.015712553569072387,0.0,0.0,0.0,3.0,2.0,0
384,0.2625,0.1434624456306609,0.0,0.0,0.0,2.0,2.0,0
385,0.35,0.026350245115835676,0.0,0.0,0.0,2.0,2.0,0
386,0.35,0.13575255909676823,1.0,8.0,2.0,3.0,2.0,0
387,0.75625,0.028212719478023115,0.0,0.0,0.0,3.0,2.0,0
388,0.35,0.014102260811993537,0.0,0.0,0.0,3.0,0.0,0
389,0.2625,0.015712553569072387,0.0,0.0,0.0,3.0,2.0,0
390,0.3625,0.04098927018018883,0.0,1.0,0.0,2.0,2.0,0
391,0.3,0.015411575213749284,0.0,0.0,0.0,3.0,2.0,0
392,0.35,0.015712553569072387,0.0,0.0,0.0,3.0,2.0,0
393,0.35,0.04231498029001666,0.0,2.0,0.0,3.0,0.0,0
394,0.225,0.015216388212891242,0.0,0.0,0.0,3.0,2.0,0
395,0.35,0.050748620223090936,0.0,0.0,0.0,1.0,2.0,0
396,0.35,0.04577135170121086,1.0,1.0,2.0,3.0,2.0,0
397,0.2,0.03513366015444757,0.0,2.0,0.0,3.0,2.0,0
398,0.4875,0.1091095334796455,1.0,1.0,0.0,1.0,2.0,1
399,0.2625,0.015330377421392339,0.0,0.0,0.0,3.0,2.0,0
400,0.3,0.04713766070721715,0.0,2.0,0.0,3.0,2.0,0
401,0.2125,0.016908073949327893,0.0,0.0,0.0,3.0,2.0,0
402,0.6375,0.15216446768991498,1.0,1.0,0.0,1.0,2.0,1
403,0.35,0.015411575213749284,0.0,0.0,0.0,3.0,2.0,0
404,0.35,0.015126992566498259,0.0,0.0,0.0,3.0,1.0,0
405,0.35,0.015126992566498259,1.0,0.0,0.0,3.0,1.0,0
406,0.2875,0.16231419173453318,1.0,0.0,1.0,1.0,0.0,0
407,0.275,0.015126992566498259,1.0,0.0,0.0,3.0,1.0,1
408,0.6375,0.013768881414528002,0.0,0.0,0.0,3.0,2.0,0
409,0.50625,0.015126992566498259,0.0,0.0,0.0,3.0,1.0,0
410,0.35,0.016908073949327893,0.0,0.0,0.0,3.0,2.0,0
411,0.5625,0.015712553569072387,0.0,0.0,0.0,3.0,2.0,1
412,0.725,1.0,1.0,0.0,1.0,1.0,0.0,0
413,0.35,0.029473237129564348,0.0,0.0,0.0,3.0,2.0,0
414,0.35,0.030253985132996517,0.0,1.0,0.0,3.0,1.0,0
415,0.05,0.021730754366528396,0.0,1.0,1.0,3.0,2.0,1
416,0.6,0.025374310111545468,0.0,0.0,0.0,2.0,2.0,0
417,0.25,0.014110458666029575,0.0,0.0,0.0,3.0,0.0,1
418,0.1875,0.41250332793836464,1.0,0.0,1.0,1.0,2.0,1
419,0.5625,0.05123658772523604,1.0,1.0,1.0,2.0,2.0,1
420,0.375,0.025374310111545468,0.0,0.0,0.0,2.0,2.0,0
421,0.5375,0.1082149914547131,1.0,1.0,0.0,1.0,0.0,0
422,0.35,0.013663090060062943,0.0,0.0,0.0,3.0,2.0,0
423,0.35,0.014151057562208049,0.0,0.0,0.0,3.0,2.0,0
424,0.7625,0.012174789178520372,0.0,0.0,0.0,3.0,2.0,0
425,0.575,0.050748620223090936,0.0,0.0,0.0,1.0,2.0,0
426,0.4,0.1434624456306609,0.0,2.0,0.0,2.0,2.0,0
427,0.35,0.06831545030031472,0.0,0.0,0.0,1.0,2.0,0
428,0.0625,0.03758969818624431,1.0,2.0,1.0,3.0,0.0,1
429,0.35,0.025374310111545468,0.0,0.0,0.0,2.0,2.0,1
430,0.25,0.019217721730481106,0.0,0.0,0.0,3.0,2.0,0
431,0.5625,0.11594107850967697,1.0,0.0,1.0,1.0,0.0,0
432,0.48125,0.014151057562208049,0.0,0.0,0.0,3.0,2.0,0
433,0.5,0.025374310111545468,1.0,0.0,0.0,2.0,2.0,1
434,0.3375,0.027049600139910042,1.0,1.0,0.0,2.0,0.0,1
435,0.5375,0.05123658772523604,0.0,1.0,1.0,2.0,2.0,0
436,0.2875,0.18249984580226933,0.0,0.0,0.0,1.0,2.0,0
437,0.375,0.05416439273810667,0.0,0.0,0.0,1.0,0.0,0
438,0.05,0.056848213999904744,0.0,4.0,1.0,3.0,1.0,0
439,0.225,0.4440992237022602,1.0,1.0,0.0,1.0,0.0,1
440,0.35,0.015712553569072387,0.0,0.0,0.0,3.0,2.0,0
441,0.3125,0.025374310111545468,0.0,0.0,0.0,2.0,2.0,0
442,0.625,0.050748620223090936,0.0,0.0,0.0,1.0,2.0,0
443,0.7125,0.025374310111545468,0.0,0.0,0.0,2.0,2.0,0
444,0.375,0.024349578357040744,1.0,0.0,0.0,3.0,2.0,1
445,0.35,0.04970768794751499,1.0,0.0,4.0,3.0,2.0,0
446,0.35,0.031425107138144774,1.0,1.0,0.0,3.0,2.0,1
447,0.575,0.050748620223090936,0.0,0.0,0.0,2.0,2.0,0
448,0.75,0.050748620223090936,1.0,1.0,0.0,2.0,2.0,0
449,0.45,0.23422440102965045,0.0,1.0,2.0,1.0,2.0,1
450,0.0125,0.09154270340242172,0.0,5.0,2.0,3.0,2.0,0
451,0.3,0.031425107138144774,0.0,1.0,0.0,3.0,2.0,0
452,0.2625,0.1434624456306609,0.0,2.0,0.0,2.0,2.0,0
453,0.325,0.04298993693898376,1.0,1.0,1.0,3.0,2.0,0
454,0.4375,0.41282050681475896,1.0,0.0,0.0,1.0,0.0,0
455,0.4375,0.16293234896625058,1.0,1.0,0.0,1.0,2.0,1
456,0.625,0.41282050681475896,1.0,1.0,1.0,1.0,0.0,0
457,0.425,0.025374310111545468,0.0,0.0,0.0,2.0,2.0,1
458,0.4875,0.13913573538264068,0.0,1.0,0.0,1.0,0.0,0
459,0.275,0.11594107850967697,1.0,0.0,1.0,1.0,0.0,0
460,0.3625,0.02042143996477265,1.0,1.0,1.0,3.0,2.0,0
461,0.375,0.014102260811993537,0.0,0.0,0.0,3.0,0.0,0
462,0.35,0.04231498029001666,0.0,2.0,0.0,3.0,0.0,0
463,0.525,0.10149724044618187,0.0,1.0,0.0,1.0,2.0,0
464,0.4625,0.050748620223090936,0.0,1.0,0.0,2.0,2.0,0
465,0.875,0.020494635090094415,0.0,0.0,0.0,2.0,2.0,0
466,0.35,0.04396587194327397,0.0,0.0,0.0,3.0,2.0,0
467,0.3125,0.015468569817999833,0.0,0.0,0.0,3.0,2.0,0
468,0.3,0.018542765081513996,0.0,0.0,0.0,3.0,2.0,0
469,0.35,0.05410739813385612,1.0,0.0,0.0,1.0,0.0,0
470,0.5875,0.10149724044618187,0.0,0.0,0.0,1.0,2.0,0
471,0.2375,0.10364429745562033,0.0,1.0,0.0,1.0,2.0,0
472,0.525,0.4440992237022602,1.0,0.0,0.0,1.0,0.0,1
473,0.3,0.12687155055772734,1.0,1.0,2.0,2.0,2.0,1
474,0.45,0.030351578633425542,0.0,1.0,0.0,3.0,2.0,0
475,0.325,0.015411575213749284,0.0,0.0,0.0,3.0,2.0,0
476,0.5,0.014102260811993537,0.0,0.0,0.0,3.0,0.0,0
477,0.45,0.07831878409428937,0.0,0.0,0.0,1.0,0.0,0
478,0.3375,0.10364429745562033,0.0,1.0,0.0,1.0,2.0,1
479,0.0125,0.021730754366528396,1.0,1.0,1.0,3.0,2.0,1
480,0.5375,0.09154270340242172,1.0,1.0,6.0,3.0,2.0,0
481,0.4125,0.023959204355324663,0.0,0.0,0.0,2.0,2.0,0
482,0.4375,0.05130978285055781,0.0,0.0,0.0,1.0,2.0,1
483,0.325,0.05855610025741261,0.0,0.0,0.0,1.0,0.0,1
484,0.4375,0.11272049299551928,1.0,1.0,0.0,1.0,0.0,0
485,0.3,0.09662576327876685,1.0,0.0,0.0,1.0,0.0,1
486,0.3625,0.04298993693898376,0.0,3.0,1.0,3.0,2.0,0
487,0.375,0.024105594605968193,1.0,0.0,0.0,2.0,1.0,1
488,0.35,0.015712553569072387,0.0,0.0,0.0,3.0,2.0,0
489,0.575,0.1468620176246054,0.0,0.0,0.0,1.0,0.0,0
490,0.2,0.015094396337354966,1.0,0.0,0.0,3.0,1.0,1
491,0.2625,0.015712553569072387,0.0,0.0,0.0,3.0,2.0,0
492,0.7625,0.06308600017332605,0.0,0.0,0.0,1.0,2.0,0
493,0.3,0.15458810467956932,0.0,0.0,0.0,1.0,0.0,0
494,0.35,0.015126992566498259,0.0,0.0,0.0,3.0,1.0,0
495,0.35,0.10122885832000206,1.0,1.0,0.0,1.0,2.0,1
496,0.2375,0.015923941091001644,0.0,0.0,0.0,3.0,2.0,0
497,0.1875,0.028212719478023115,1.0,1.0,0.0,3.0,0.0,1
498,0.4125,0.015411575213749284,0.0,0.0,0.0,3.0,2.0,0
499,0.3625,0.04489301019734967,1.0,0.0,2.0,2.0,2.0,0
500,0.2625,0.15216446768991498,1.0,0.0,0.0,1.0,2.0,1
501,0.375,0.015411575213749284,0.0,0.0,0.0,3.0,2.0,0
502,0.2125,0.09193307740413781,0.0,0.0,0.0,1.0,2.0,0
503,0.5,0.050748620223090936,0.0,1.0,0.0,2.0,2.0,0
504,0.45,0.0,0.0,0.0,0.0,3.0,2.0,0
505,0.425,0.050748620223090936,0.0,1.0,0.0,2.0,2.0,0
506,0.425,0.06343577527886367,1.0,1.0,1.0,2.0,2.0,1
507,0.35,0.015411575213749284,0.0,0.0,0.0,3.0,2.0,0
508,0.5875,0.10257896680493714,1.0,1.0,1.0,1.0,2.0,1
509,0.525,0.025374310111545468,0.0,0.0,0.0,2.0,2.0,0
510,0.2625,0.5121218935012878,1.0,2.0,2.0,1.0,0.0,1
511,0.35,0.015411575213749284,0.0,0.0,0.0,3.0,2.0,0
512,0.2625,0.015468569817999833,0.0,0.0,0.0,3.0,2.0,0
513,0.25,0.01800600082915438,0.0,0.0,0.0,3.0,2.0,0
514,0.3375,0.025374310111545468,0.0,0.0,0.0,2.0,2.0,0
515,0.35,0.015468569817999833,0.0,2.0,0.0,3.0,2.0,0
516,0.275,0.014102260811993537,0.0,0.0,0.0,3.0,0.0,0
517,0.3,0.16231419173453318,1.0,0.0,0.0,1.0,0.0,1
518,0.0115,0.05416439273810667,1.0,1.0,2.0,2.0,2.0,0
519,0.4875,0.057970539254838485,0.0,0.0,0.0,1.0,0.0,0
520,0.4875,0.015468569817999833,0.0,0.0,0.0,3.0,2.0,0
521,0.4125,0.10364429745562033,1.0,1.0,0.0,1.0,2.0,1
522,0.3125,0.015175789316712771,1.0,0.0,0.0,3.0,2.0,0
523,0.175,0.07746484096553544,0.0,4.0,1.0,3.0,2.0,0
524,0.4,0.015411575213749284,0.0,0.0,0.0,3.0,2.0,0
525,0.5875,0.017566830077223785,0.0,0.0,0.0,3.0,2.0,0
526,0.28125,0.014102260811993537,0.0,0.0,0.0,3.0,0.0,0
527,0.275,0.015216388212891242,0.0,0.0,0.0,3.0,2.0,0
528,0.3,0.13526459159462315,1.0,0.0,0.0,1.0,0.0,1
529,0.35,0.015411575213749284,0.0,0.0,0.0,3.0,2.0,0
530,0.3375,0.025374310111545468,0.0,0.0,0.0,2.0,2.0,0
531,0.125,0.09154270340242172,1.0,5.0,2.0,3.0,2.0,0
532,0.3,0.014151057562208049,0.0,0.0,0.0,3.0,1.0,0
533,0.2625,0.01522458606692728,0.0,0.0,0.0,3.0,2.0,0
534,0.55,0.015712553569072387,0.0,0.0,0.0,3.0,2.0,0
535,0.35,0.018542765081513996,0.0,0.0,0.0,3.0,2.0,0
536,0.375,0.050748620223090936,0.0,0.0,0.0,1.0,2.0,0
537,0.425,0.015712553569072387,0.0,0.0,0.0,3.0,2.0,0
538,0.1875,0.015671954672893913,1.0,0.0,0.0,3.0,1.0,1
539,0.35,0.16038672010106,1.0,1.0,0.0,1.0,0.0,1
540,0.275,0.09661756542473081,1.0,0.0,2.0,1.0,0.0,1
541,0.375,0.020494635090094415,0.0,0.0,0.0,2.0,2.0,0
542,0.5875,0.029278050128706306,0.0,0.0,0.0,2.0,2.0,0
543,0.35,0.04538097769949478,1.0,2.0,0.0,3.0,1.0,0
544,0.2,0.020494635090094415,0.0,0.0,0.0,2.0,2.0,0
545,0.7,0.16231419173453318,1.0,0.0,1.0,1.0,0.0,1
546,0.35,0.015712553569072387,1.0,0.0,0.0,3.0,2.0,0
547,0.4,0.030937139635999665,0.0,1.0,0.0,3.0,2.0,0
548,0.35,0.014736618564782174,0.0,0.0,0.0,3.0,2.0,0
549,0.3125,0.29580589980036276,1.0,1.0,2.0,1.0,2.0,0
550,0.35,0.04713766070721715,0.0,0.0,0.0,3.0,1.0,0
551,0.3125,0.01511079204542704,0.0,0.0,0.0,3.0,1.0,0
552,0.225,0.019209719063445922,1.0,0.0,0.0,3.0,2.0,1
553,0.275,0.014151057562208049,1.0,0.0,0.0,3.0,2.0,1
554,0.35,0.030253985132996517,1.0,1.0,0.0,3.0,1.0,1
555,0.425,0.04098927018018883,0.0,1.0,0.0,2.0,2.0,0
556,0.525,0.05130978285055781,0.0,0.0,0.0,1.0,2.0,1
557,0.5,0.03122992013728673,0.0,0.0,0.0,2.0,2.0,0
558,0.2625,0.019177122834302632,1.0,1.0,0.0,3.0,2.0,0
559,0.4,0.015712553569072387,0.0,0.0,0.0,3.0,2.0,0
560,0.2875,0.027130993119267845,0.0,1.0,0.0,3.0,2.0,0
561,0.3125,0.015175789316712771,0.0,1.0,0.0,3.0,2.0,0
562,0.3625,0.050748620223090936,1.0,1.0,0.0,2.0,2.0,1
563,0.2,0.03952536767375352,0.0,1.0,1.0,3.0,2.0,0
564,0.7,0.05991421140938287,0.0,0.0,0.0,1.0,0.0,0
565,0.05,0.026187654344120927,1.0,0.0,1.0,3.0,0.0,1
566,0.35,0.11027245763075773,0.0,0.0,0.0,3.0,2.0,0
567,0.35,0.015126992566498259,0.0,0.0,0.0,3.0,1.0,1
568,0.4,0.015712553569072387,0.0,0.0,0.0,3.0,2.0,1
569,0.6,0.5121218935012878,1.0,1.0,3.0,1.0,0.0,0
570,0.6,0.15458810467956932,1.0,1.0,1.0,1.0,0.0,0
571,0.25,0.015330377421392339,0.0,0.0,0.0,3.0,2.0,0
572,0.4125,0.015175789316712771,0.0,0.0,0.0,3.0,2.0,0
573,0.6,0.20772776566317125,1.0,1.0,0.0,1.0,0.0,0
574,0.2875,0.12366716556464086,0.0,0.0,1.0,1.0,0.0,1
575,0.275,0.061483905270283246,0.0,2.0,0.0,2.0,2.0,0
576,0.4,0.015468569817999833,0.0,0.0,0.0,3.0,2.0,0
577,0.35,0.015411575213749284,0.0,0.0,0.0,3.0,2.0,0
578,0.2125,0.016908073949327893,0.0,0.0,0.0,3.0,2.0,0
579,0.3125,0.014931805565640218,0.0,0.0,0.0,3.0,2.0,0
580,0.3625,0.015712553569072387,0.0,0.0,0.0,3.0,2.0,0
581,0.3375,0.10149724044618187,1.0,1.0,2.0,1.0,2.0,0
582,0.35,0.11027245763075773,0.0,0.0,0.0,3.0,2.0,1
583,0.4875,0.41250332793836464,1.0,0.0,0.0,1.0,2.0,0
584,0.275,0.014151057562208049,0.0,1.0,0.0,3.0,2.0,0
585,0.45,0.033962538149299316,1.0,1.0,0.0,3.0,2.0,1
586,0.75,0.0761229303346364,0.0,1.0,1.0,2.0,2.0,0
587,0.2875,0.22109807522194713,1.0,1.0,0.0,1.0,0.0,1
588,0.3625,0.013752485706455927,0.0,1.0,0.0,3.0,2.0,0
589,0.35,0.015712553569072387,1.0,0.0,0.0,3.0,2.0,0
590,0.375,0.18249984580226933,1.0,0.0,0.0,1.0,2.0,1
591,0.475,0.015411575213749284,0.0,0.0,0.0,3.0,2.0,0
592,0.0375,0.031034733136428686,0.0,1.0,1.0,3.0,2.0,1
593,0.4,0.04396587194327397,0.0,0.0,0.0,3.0,2.0,0
594,0.2875,0.015712553569072387,1.0,0.0,0.0,3.0,2.0,0
595,0.475,0.17566830077223786,0.0,1.0,0.0,1.0,2.0,1
596,0.7625,0.5121218935012878,0.0,1.0,3.0,1.0,0.0,0
597,0.3875,0.04006213192611313,1.0,1.0,1.0,3.0,2.0,1
598,0.225,0.020494635090094415,0.0,0.0,0.0,2.0,2.0,0
599,0.4125,0.016891873428256675,0.0,0.0,0.0,3.0,2.0,0
600,0.4125,0.015330377421392339,0.0,0.0,0.0,3.0,2.0,0
601,0.525,0.10257896680493714,0.0,1.0,0.0,1.0,2.0,1
602,0.425,0.04098927018018883,0.0,1.0,0.0,2.0,2.0,0
603,0.35,0.015126992566498259,0.0,1.0,0.0,3.0,1.0,0
604,0.275,0.29580589980036276,1.0,0.0,0.0,1.0,2.0,1
605,0.2375,0.051301584996521765,1.0,0.0,2.0,1.0,2.0,1
606,0.55,0.050748620223090936,1.0,1.0,0.0,2.0,2.0,0
607,0.3,0.028302115124416098,1.0,0.0,2.0,2.0,2.0,1
608,0.3875,0.015094396337354966,0.0,0.0,0.0,3.0,1.0,0
609,0.325,0.026350245115835676,1.0,0.0,0.0,2.0,2.0,0
610,0.35,0.014151057562208049,0.0,0.0,0.0,3.0,2.0,0
611,0.4125,0.29580589980036276,1.0,0.0,0.0,1.0,2.0,0
612,0.0375,0.026887009368195294,1.0,1.0,1.0,3.0,2.0,0
613,0.3625,0.050748620223090936,1.0,1.0,0.0,2.0,2.0,0
614,0.3625,0.015468569817999833,0.0,0.0,0.0,3.0,2.0,0
615,0.75,0.14687821814567664,1.0,1.0,0.0,1.0,0.0,1
616,0.675,0.050748620223090936,0.0,1.0,0.0,2.0,2.0,0
617,0.4375,1.0,0.0,0.0,0.0,1.0,0.0,1
618,0.35,0.014102260811993537,0.0,0.0,0.0,3.0,0.0,0
619,0.4,0.11027245763075773,0.0,0.0,0.0,3.0,2.0,1
620,0.4125,0.016908073949327893,0.0,0.0,0.0,3.0,0.0,0
621,0.375,0.025374310111545468,0.0,0.0,0.0,2.0,2.0,0
622,0.35,0.06184168304285603,1.0,0.0,0.0,1.0,2.0,0
623,0.3375,0.1497654242623688,0.0,0.0,0.0,1.0,0.0,1
624,0.7875,0.050748620223090936,0.0,1.0,0.0,2.0,2.0,0
625,0.4375,0.10364429745562033,1.0,1.0,0.0,1.0,2.0,1
626,0.2875,0.02936744577509929,0.0,0.0,0.0,2.0,0.0,0
627,0.35,0.057970539254838485,0.0,0.0,0.0,1.0,0.0,1
628,0.275,0.10735285047192313,1.0,0.0,1.0,1.0,2.0,1
629,0.3,0.01727404957593672,1.0,0.0,0.0,3.0,2.0,0
630,0.525,0.014931805565640218,0.0,0.0,0.0,3.0,2.0,0
631,0.35,0.014736618564782174,0.0,0.0,0.0,3.0,2.0,0
632,0.35,0.029757819776815374,1.0,0.0,2.0,3.0,0.0,0
633,0.2625,0.022446505098674834,0.0,1.0,0.0,2.0,2.0,0
634,0.3,0.05410739813385612,1.0,1.0,0.0,2.0,0.0,0
635,0.225,0.014110458666029575,1.0,0.0,0.0,3.0,0.0,0
636,0.5625,0.2625265161540666,0.0,1.0,1.0,1.0,0.0,0
637,0.35,0.04970768794751499,1.0,3.0,1.0,3.0,2.0,0
638,0.009375,0.03758969818624431,1.0,2.0,1.0,3.0,0.0,1
639,0.2375,0.020494635090094415,0.0,0.0,0.0,2.0,2.0,1
640,0.25625,0.014151057562208049,0.0,0.0,0.0,3.0,2.0,0
641,0.2125,0.016908073949327893,0.0,0.0,0.0,3.0,2.0,0
642,0.3125,0.1082149914547131,0.0,1.0,0.0,1.0,0.0,1
643,0.3125,0.1082149914547131,1.0,1.0,0.0,1.0,0.0,0
644,0.35,0.13575255909676823,0.0,8.0,2.0,3.0,2.0,0
645,0.025,0.050748620223090936,0.0,1.0,1.0,2.0,2.0,1
646,0.35,0.015411575213749284,0.0,0.0,0.0,3.0,0.0,0
647,0.2625,0.012678957201736696,0.0,1.0,0.0,3.0,2.0,0
648,0.4375,0.051822148727810165,0.0,0.0,0.0,1.0,0.0,1
649,0.35,0.015712553569072387,0.0,0.0,0.0,3.0,2.0,0
650,0.2,0.07746484096553544,0.0,4.0,1.0,3.0,2.0,0
651,0.3625,0.015411575213749284,0.0,0.0,0.0,3.0,0.0,1
652,0.35,0.05410739813385612,0.0,0.0,0.0,1.0,0.0,0
653,0.8,0.14687821814567664,0.0,1.0,0.0,1.0,0.0,0
654,0.525,0.051822148727810165,0.0,0.0,0.0,1.0,2.0,0
655,0.3625,0.05410739813385612,0.0,1.0,0.0,2.0,0.0,0
656,0.2375,0.020494635090094415,0.0,0.0,0.0,2.0,2.0,0
657,0.225,0.04489301019734967,1.0,0.0,1.0,2.0,2.0,1
658,0.25,0.019177122834302632,1.0,1.0,0.0,3.0,2.0,0
659,0.475,0.014110458666029575,1.0,0.0,0.0,3.0,0.0,0
660,0.225,0.015175789316712771,1.0,0.0,0.0,3.0,2.0,0
661,0.35,0.04364049521284361,1.0,0.0,2.0,3.0,0.0,1
662,0.35,0.028220722145058292,1.0,1.0,0.0,3.0,0.0,0
663,0.4875,0.04713766070721715,0.0,0.0,0.0,3.0,2.0,0
664,0.3,0.01393967004027879,0.0,0.0,0.0,3.0,2.0,1
665,0.35,0.015126992566498259,0.0,0.0,0.0,3.0,1.0,0
666,0.35,0.015126992566498259,0.0,0.0,0.0,3.0,1.0,0
667,0.525,0.025374310111545468,0.0,0.0,0.0,2.0,2.0,0
668,0.425,0.025374310111545468,0.0,0.0,0.0,2.0,2.0,0
669,0.3375,0.41282050681475896,0.0,0.0,2.0,1.0,0.0,0
670,0.2,0.07690367833806856,1.0,0.0,1.0,1.0,2.0,1
671,0.325,0.056604230248832196,0.0,1.0,1.0,2.0,2.0,0
672,0.65,0.026350245115835676,0.0,0.0,0.0,2.0,2.0,0
673,0.2,0.01798980030808316,0.0,0.0,0.0,3.0,2.0,0
674,0.6,0.09856123757927521,0.0,0.0,0.0,1.0,0.0,0
675,0.025,0.04113566043083236,0.0,3.0,1.0,3.0,2.0,0
676,0.4625,0.018713553707264782,1.0,0.0,0.0,3.0,2.0,0
677,0.5625,0.32179836714362564,1.0,1.0,1.0,1.0,2.0,1
678,0.4,0.05953203526170282,0.0,0.0,0.0,1.0,0.0,1
679,0.45,0.025374310111545468,0.0,0.0,0.0,2.0,2.0,0
680,0.2375,0.015712553569072387,0.0,0.0,0.0,3.0,2.0,0
681,0.4875,0.026187654344120927,0.0,0.0,1.0,3.0,0.0,0
682,0.35,0.015411575213749284,0.0,0.0,0.0,3.0,2.0,0
683,0.4125,0.17566830077223786,1.0,1.0,0.0,1.0,1.0,1
684,0.2625,0.015175789316712771,0.0,0.0,0.0,3.0,2.0,0
685,0.35,0.025130326360472913,0.0,0.0,0.0,2.0,2.0,0
686,0.35,0.01537917417160685,1.0,0.0,0.0,3.0,1.0,1
687,0.35,0.014102260811993537,0.0,0.0,0.0,3.0,0.0,0
688,0.575,0.15458810467956932,0.0,0.0,0.0,1.0,0.0,0
689,0.35,0.014273049437744325,0.0,0.0,0.0,3.0,2.0,0
690,0.3625,0.04113566043083236,1.0,0.0,4.0,3.0,2.0,0
691,0.4,0.050748620223090936,0.0,1.0,0.0,2.0,2.0,1
692,0.45,0.025374310111545468,0.0,0.0,0.0,2.0,2.0,0
693,0.35,0.21642978772242535,1.0,0.0,0.0,1.0,0.0,1
694,0.35,0.015126992566498259,0.0,0.0,0.0,3.0,1.0,0
695,0.4375,0.015712553569072387,0.0,0.0,0.0,3.0,2.0,0
696,0.35,0.015330377421392339,0.0,0.0,0.0,3.0,2.0,0
697,0.6,0.07173122281533045,1.0,0.0,2.0,2.0,2.0,0
698,0.35,0.020494635090094415,0.0,0.0,0.0,2.0,2.0,0
699,0.5625,0.5121218935012878,1.0,0.0,0.0,1.0,0.0,0
700,0.2625,0.020494635090094415,1.0,0.0,0.0,2.0,2.0,1
701,0.325,0.015712553569072387,0.0,0.0,0.0,3.0,2.0,0
702,0.35,0.015126992566498259,1.0,0.0,0.0,3.0,1.0,1
703,0.35625,0.05410739813385612,0.0,0.0,0.0,1.0,0.0,0
704,0.275,0.019201521209409888,1.0,0.0,0.0,3.0,2.0,0
705,0.009375,0.03758969818624431,1.0,2.0,1.0,3.0,0.0,1
706,0.45,0.023780217875537836,1.0,0.0,2.0,3.0,2.0,0
707,0.225,0.06709553154495196,0.0,2.0,2.0,3.0,2.0,0
708,0.325,0.025374310111545468,0.0,0.0,0.0,2.0,2.0,0
709,0.275,0.015216388212891242,0.0,0.0,0.0,3.0,2.0,0
710,0.0625,0.024349578357040744,1.0,0.0,0.0,3.0,2.0,1
711,0.35,0.17391981561855152,1.0,1.0,0.0,1.0,0.0,1
712,0.225,0.2125586439344078,0.0,1.0,0.0,1.0,0.0,0
713,0.0875,0.05123658772523604,1.0,0.0,2.0,2.0,2.0,1
714,0.2125,0.013768881414528002,0.0,1.0,0.0,3.0,2.0,0
715,0.5875,0.11940564777490723,1.0,1.0,0.0,1.0,2.0,0
716,0.4875,0.06104473451835265,0.0,1.0,5.0,3.0,2.0,0
717,0.2875,0.014736618564782174,1.0,0.0,0.0,3.0,2.0,1
718,0.35,0.01588334219482317,1.0,0.0,0.0,3.0,1.0,0
719,0.3375,0.050748620223090936,0.0,0.0,0.0,2.0,2.0,0
720,0.25,0.015468569817999833,0.0,0.0,0.0,3.0,2.0,0
721,0.325,0.26697521827762305,1.0,1.0,0.0,1.0,0.0,0
722,0.3625,0.05855610025741261,0.0,0.0,0.0,1.0,2.0,0
723,0.35,0.04538097769949478,0.0,2.0,0.0,3.0,1.0,1
724,0.5375,0.04098927018018883,0.0,0.0,1.0,2.0,2.0,0
725,0.14375,0.028302115124416098,0.0,1.0,1.0,3.0,2.0,0
726,0.4375,0.015411575213749284,0.0,0.0,0.0,3.0,2.0,0
727,0.6625,0.10048070654571319,1.0,2.0,0.0,1.0,2.0,1
728,0.0125,0.07746484096553544,0.0,4.0,1.0,3.0,2.0,0
729,0.3875,0.05123658772523604,0.0,1.0,1.0,2.0,2.0,0
730,0.35,0.015175789316712771,0.0,0.0,0.0,3.0,2.0,0
731,0.5125,0.2625265161540666,1.0,0.0,0.0,1.0,0.0,1
732,0.1375,0.09154270340242172,0.0,5.0,2.0,3.0,2.0,0
733,0.025,0.039452172548431745,1.0,1.0,1.0,3.0,2.0,0
734,0.3625,0.050748620223090936,0.0,1.0,0.0,2.0,2.0,0
735,0.3625,0.050748620223090936,1.0,1.0,0.0,2.0,2.0,1
736,0.2625,0.014151057562208049,0.0,0.0,0.0,3.0,2.0,0
737,0.45,0.025374310111545468,1.0,0.0,0.0,2.0,2.0,1
738,0.45,0.05416439273810667,0.0,1.0,2.0,2.0,2.0,0
739,0.6375,0.051822148727810165,0.0,0.0,0.0,1.0,2.0,1
740,0.5375,0.015411575213749284,0.0,0.0,0.0,3.0,2.0,0
741,0.35,0.015126992566498259,0.0,0.0,0.0,3.0,1.0,0
742,0.1,0.06343577527886367,0.0,0.0,2.0,2.0,2.0,0
743,0.025,0.07746484096553544,0.0,4.0,1.0,3.0,2.0,0
744,0.3,0.11711220051482522,0.0,1.0,0.0,1.0,2.0,0
745,0.0125,0.07222738817151159,0.0,0.0,2.0,2.0,0.0,1
746,0.8,0.5133418122566505,0.0,1.0,4.0,1.0,2.0,0
747,0.3875,0.10149724044618187,0.0,1.0,0.0,1.0,2.0,0
748,0.35,0.015712553569072387,1.0,0.0,0.0,3.0,2.0,0
749,0.4375,0.015126992566498259,1.0,0.0,0.0,3.0,1.0,0
750,0.2375,0.030725752114070404,1.0,1.0,1.0,3.0,0.0,0
751,0.1,0.056848213999904744,0.0,4.0,1.0,3.0,1.0,0
752,0.1875,0.014102260811993537,1.0,0.0,0.0,3.0,0.0,1
753,0.225,0.016908073949327893,0.0,0.0,0.0,3.0,2.0,0
754,0.65,0.18249984580226933,1.0,1.0,1.0,1.0,2.0,1
755,0.2,0.015712553569072387,0.0,0.0,0.0,3.0,2.0,1
756,0.5,0.061264319894317944,0.0,1.0,5.0,3.0,2.0,0
757,0.0125,0.03259622914329302,1.0,1.0,1.0,3.0,2.0,0
758,0.3375,0.016908073949327893,0.0,0.0,0.0,3.0,2.0,1
759,0.75,0.15458810467956932,0.0,1.0,1.0,1.0,0.0,1
760,0.2375,0.015712553569072387,0.0,0.0,0.0,3.0,2.0,1
761,0.25,0.04489301019734967,1.0,2.0,1.0,2.0,2.0,0
762,0.525,0.016908073949327893,0.0,0.0,0.0,3.0,2.0,0
763,0.375,0.025374310111545468,0.0,0.0,0.0,2.0,2.0,0
764,0.35,0.015712553569072387,0.0,0.0,0.0,3.0,2.0,0
765,0.2625,0.025374310111545468,0.0,0.0,0.0,2.0,2.0,0
766,0.225,0.013175122557917838,1.0,0.0,0.0,3.0,1.0,0
767,0.2,0.015712553569072387,0.0,0.0,0.0,3.0,2.0,0
768,0.35,0.014736618564782174,0.0,0.0,0.0,3.0,2.0,0
769,0.35,0.06441171028315387,1.0,0.0,0.0,2.0,2.0,1
770,0.5875,0.013663090060062943,1.0,1.0,0.0,3.0,2.0,0
771,0.475,0.016908073949327893,0.0,0.0,0.0,3.0,2.0,0
772,0.3875,0.05123658772523604,1.0,1.0,1.0,2.0,2.0,1
773,0.2,0.018542765081513996,0.0,0.0,0.0,3.0,2.0,0
774,0.375,0.025374310111545468,1.0,0.0,0.0,2.0,2.0,0
775,0.2875,0.025374310111545468,0.0,0.0,0.0,2.0,2.0,0
776,0.475,0.4440992237022602,1.0,0.0,0.0,1.0,0.0,1
777,0.225,0.016200521071217493,0.0,0.0,0.0,3.0,2.0,0
778,0.225,0.015126992566498259,0.0,0.0,0.0,3.0,2.0,0
779,0.35,0.051822148727810165,0.0,0.0,0.0,1.0,2.0,0
780,0.8125,0.051822148727810165,0.0,0.0,0.0,1.0,2.0,0
781,0.225,0.1554664461834305,1.0,0.0,2.0,1.0,2.0,1
782,0.45625,0.050748620223090936,0.0,0.0,2.0,2.0,2.0,0
783,0.5,0.030741952635141623,1.0,0.0,0.0,2.0,2.0,1
784,0.075,0.024349578357040744,0.0,0.0,1.0,3.0,2.0,1
785,0.2625,0.022446505098674834,0.0,1.0,0.0,2.0,2.0,0
786,0.275,0.015078195816283748,1.0,0.0,0.0,3.0,1.0,0
787,0.1,0.050748620223090936,1.0,1.0,1.0,2.0,2.0,0
788,0.35,0.015094396337354966,0.0,0.0,0.0,3.0,1.0,0
789,0.3375,0.05953203526170282,0.0,0.0,0.0,1.0,2.0,1
790,0.1125,0.04006213192611313,0.0,0.0,2.0,3.0,2.0,1
791,0.35,0.015175789316712771,0.0,0.0,0.0,3.0,2.0,1
792,0.35,0.015411575213749284,0.0,0.0,0.0,3.0,0.0,0
793,0.05,0.0761229303346364,1.0,2.0,1.0,2.0,2.0,1
794,0.35,0.030253985132996517,1.0,0.0,0.0,3.0,1.0,0
795,0.35,0.04538097769949478,1.0,2.0,0.0,3.0,1.0,1
796,0.35,0.0,0.0,0.0,0.0,2.0,2.0,0
797,0.3,0.015216388212891242,0.0,0.0,0.0,3.0,2.0,0
798,0.4125,0.051822148727810165,0.0,0.0,0.0,1.0,2.0,0
799,0.7375,0.014151057562208049,0.0,0.0,0.0,3.0,2.0,0
800,0.325,0.015395374692678068,0.0,0.0,0.0,3.0,2.0,0
801,0.625,0.1091095334796455,0.0,1.0,0.0,1.0,2.0,0
802,0.0375,0.08115719346076702,1.0,1.0,2.0,2.0,0.0,1
803,0.6,0.050610427826483444,1.0,0.0,0.0,1.0,2.0,1
804,0.3,0.01820118783001242,0.0,0.0,0.0,3.0,2.0,0
805,0.375,0.025374310111545468,0.0,0.0,0.0,2.0,2.0,0
806,0.35,0.051822148727810165,0.0,0.0,0.0,1.0,2.0,0
807,0.3,0.12687155055772734,1.0,1.0,2.0,2.0,2.0,0
808,0.002125,0.04015972542654215,1.0,1.0,2.0,3.0,2.0,0
809,0.35,0.07729405233978466,0.0,0.0,0.0,1.0,0.0,0
810,0.2375,0.05855610025741261,1.0,0.0,0.0,1.0,2.0,1
811,0.35,0.4440992237022602,0.0,0.0,0.0,1.0,0.0,0
812,0.3125,0.020494635090094415,0.0,0.0,0.0,2.0,2.0,0
813,0.4,0.020494635090094415,0.0,0.0,0.0,2.0,2.0,0
814,0.5875,0.06640417918791278,0.0,0.0,0.0,1.0,2.0,0
815,0.3625,0.015126992566498259,0.0,0.0,0.0,3.0,1.0,1
816,0.3,0.5133418122566505,1.0,3.0,2.0,1.0,2.0,1
817,0.6375,0.015712553569072387,0.0,0.0,0.0,3.0,2.0,0
818,0.1125,0.06709553154495196,1.0,2.0,2.0,3.0,2.0,0
819,0.5125,0.025374310111545468,0.0,0.0,0.0,2.0,2.0,0
820,0.3375,0.013614293309848433,0.0,0.0,0.0,3.0,2.0,1
821,0.325,0.11027245763075773,0.0,0.0,0.0,3.0,2.0,1
822,0.3125,0.061483905270283246,0.0,0.0,0.0,2.0,2.0,0
823,0.625,0.05604306762136532,1.0,0.0,0.0,1.0,0.0,0
824,0.3875,0.015175789316712771,0.0,0.0,0.0,3.0,2.0,0
825,0.35,0.11027245763075773,0.0,0.0,0.0,3.0,2.0,0
826,0.6875,0.05410739813385612,1.0,0.0,0.0,1.0,0.0,0
827,0.6875,0.18249984580226933,0.0,1.0,1.0,1.0,2.0,0
828,0.4125,0.015411575213749284,0.0,0.0,0.0,3.0,0.0,0
829,0.4,0.025374310111545468,1.0,0.0,0.0,2.0,2.0,1
830,0.4625,0.10364429745562033,0.0,1.0,0.0,1.0,2.0,0
831,0.175,0.01800600082915438,0.0,0.0,0.0,3.0,2.0,0
832,0.35,0.015126992566498259,1.0,0.0,0.0,3.0,1.0,1
833,0.2375,0.17777475888549785,1.0,1.0,0.0,1.0,0.0,1
834,0.35,0.014110458666029575,0.0,0.0,0.0,3.0,0.0,1
835,0.35,0.04713766070721715,0.0,1.0,0.0,3.0,1.0,0
836,0.0625,0.061264319894317944,1.0,4.0,2.0,3.0,2.0,1
837,0.2375,0.015411575213749284,0.0,0.0,0.0,3.0,2.0,0
838,0.825,0.020494635090094415,0.0,0.0,0.0,2.0,2.0,0
839,0.6125,0.0,0.0,0.0,0.0,1.0,2.0,0
840,0.8,0.16231419173453318,1.0,0.0,2.0,1.0,0.0,0
841,0.3875,0.09856123757927521,0.0,0.0,0.0,1.0,2.0,0
842,0.35,0.025374310111545468,0.0,0.0,0.0,2.0,2.0,0
843,0.075,0.2625265161540666,0.0,0.0,2.0,1.0,0.0,0
844,0.35,0.018542765081513996,0.0,0.0,0.0,3.0,2.0,0
845,0.35,0.051822148727810165,0.0,0.0,0.0,1.0,2.0,1
846,0.275,0.015175789316712771,0.0,0.0,0.0,3.0,2.0,0
847,0.35,0.015411575213749284,0.0,0.0,0.0,3.0,2.0,0
848,0.1375,0.036670757786204655,0.0,0.0,0.0,3.0,0.0,0
849,0.625,0.050748620223090936,0.0,1.0,0.0,2.0,2.0,0
850,0.35,0.05953203526170282,0.0,0.0,0.0,1.0,2.0,1
851,0.4,0.11027245763075773,0.0,0.0,0.0,3.0,2.0,1
852,0.4875,0.025374310111545468,0.0,0.0,0.0,2.0,2.0,0
853,0.4125,0.04006213192611313,0.0,1.0,1.0,3.0,2.0,0
854,0.2125,0.015411575213749284,0.0,0.0,0.0,3.0,2.0,0
855,0.325,0.015411575213749284,0.0,0.0,0.0,3.0,2.0,0
856,0.475,0.0,0.0,0.0,0.0,1.0,2.0,0
857,0.25,0.015468569817999833,0.0,1.0,0.0,3.0,2.0,1
858,0.45,0.014151057562208049,0.0,0.0,0.0,3.0,2.0,0
859,0.2625,0.031425107138144774,0.0,0.0,0.0,3.0,2.0,0
860,0.375,0.025374310111545468,0.0,0.0,0.0,2.0,2.0,0
861,0.35,0.10122885832000206,0.0,0.0,0.0,1.0,2.0,0
862,0.6625,0.15977676072337862,0.0,1.0,1.0,1.0,2.0,0
863,0.325,0.015175789316712771,0.0,0.0,0.0,3.0,2.0,0
864,0.3125,0.050748620223090936,0.0,1.0,0.0,2.0,2.0,0
865,0.225,0.028212719478023115,1.0,0.0,1.0,3.0,0.0,0
866,0.35,0.012565163180236457,0.0,1.0,0.0,3.0,0.0,0
867,0.375,0.030351578633425542,1.0,1.0,0.0,3.0,2.0,0
868,0.35,0.014736618564782174,1.0,0.0,0.0,3.0,2.0,0
869,0.45,0.1468620176246054,0.0,0.0,0.0,1.0,0.0,0
870,0.025,0.04489301019734967,0.0,1.0,1.0,2.0,2.0,0
871,0.2125,0.015468569817999833,1.0,4.0,2.0,3.0,2.0,1
872,0.1,0.04113566043083236,1.0,3.0,1.0,3.0,2.0,0
873,0.525,0.05270049023167135,0.0,1.0,0.0,2.0,2.0,0
874,0.075,0.06104473451835265,1.0,4.0,2.0,3.0,2.0,0
875,0.6,0.06709553154495196,1.0,1.0,3.0,3.0,2.0,0
876,0.275,0.015712553569072387,0.0,0.0,0.0,3.0,2.0,0
877,0.5625,0.05445717323939373,1.0,1.0,4.0,3.0,2.0,0
878,0.35,0.01537917417160685,0.0,0.0,0.0,3.0,2.0,0
879,0.2,0.015126992566498259,1.0,0.0,0.0,3.0,1.0,1
880,0.7875,0.15216446768991498,1.0,1.0,0.0,1.0,2.0,1
881,0.3375,0.04098927018018883,1.0,1.0,0.0,2.0,2.0,0
882,0.5875,0.014151057562208049,0.0,0.0,0.0,3.0,2.0,0
883,0.625,0.020494635090094415,1.0,0.0,0.0,2.0,2.0,1
884,0.525,0.025374310111545468,0.0,0.0,0.0,2.0,2.0,1
885,0.35,0.014151057562208049,0.0,0.0,0.0,3.0,2.0,0
886,0.40625,0.058694292654020104,0.0,1.0,0.0,2.0,0.0,0
887,0.35,0.015712553569072387,0.0,0.0,0.0,3.0,2.0,0
888,0.35,0.11027245763075773,0.0,0.0,0.0,3.0,2.0,0
889,0.35,0.0,0.0,0.0,0.0,2.0,2.0,0
890,0.3375,0.26697521827762305,0.0,1.0,0.0,1.0,0.0,0
891,0.35,0.04577135170121086,1.0,1.0,2.0,3.0,2.0,0
892,0.5875,0.08275928836380983,0.0,0.0,0.0,1.0,2.0,0
893,0.475,0.061264319894317944,1.0,1.0,5.0,3.0,2.0,1
894,0.5125,0.10122885832000206,0.0,1.0,0.0,1.0,2.0,0
895,0.6375,0.02444717185746977,0.0,0.0,0.0,2.0,2.0,0
896,0.35,0.015712553569072387,1.0,0.0,0.0,3.0,2.0,0
897,0.35,0.015094396337354966,1.0,0.0,0.0,3.0,1.0,1
898,0.525,0.014736618564782174,0.0,0.0,0.0,3.0,2.0,0
899,0.43125,0.015281580671177828,0.0,0.0,0.0,3.0,1.0,0
900,0.6125,0.11111839809247648,0.0,1.0,0.0,1.0,0.0,1
901,0.6625,0.055628295244541985,0.0,0.0,0.0,1.0,0.0,0
902,0.35,0.029757819776815374,1.0,0.0,2.0,3.0,0.0,0
903,0.05,0.04489301019734967,1.0,1.0,1.0,2.0,2.0,1
904,0.225,0.028212719478023115,0.0,1.0,0.0,3.0,0.0,0
905,0.35,0.13575255909676823,0.0,8.0,2.0,3.0,2.0,0
906,0.35,0.02937564362913533,0.0,0.0,0.0,2.0,0.0,0
907,0.35,0.03897240290032268,0.0,1.0,0.0,3.0,2.0,0
908,0.275,0.08115719346076702,1.0,1.0,2.0,2.0,0.0,1
909,0.1625,0.061264319894317944,0.0,4.0,2.0,3.0,2.0,0
910,0.025,0.29580589980036276,1.0,1.0,2.0,1.0,2.0,0
911,0.35,0.015712553569072387,0.0,0.0,0.0,3.0,2.0,0
912,0.0125,0.08115719346076702,1.0,1.0,2.0,2.0,0.0,0
913,0.5125,0.07746484096553544,1.0,0.0,5.0,3.0,2.0,0
914,0.275,0.015411575213749284,0.0,0.0,0.0,3.0,2.0,0
915,0.1125,0.031034733136428686,0.0,1.0,1.0,3.0,2.0,1
916,0.05,0.15977676072337862,0.0,0.0,2.0,1.0,2.0,1
917,0.5625,0.015126992566498259,1.0,0.0,0.0,3.0,2.0,0
918,0.225,0.015175789316712771,1.0,0.0,0.0,3.0,2.0,0
919,0.0125,0.023780217875537836,1.0,1.0,1.0,3.0,2.0,0
920,0.35,0.015126992566498259,1.0,0.0,0.0,3.0,1.0,1
921,0.525,0.08295447536466787,0.0,0.0,0.0,1.0,2.0,0
922,0.375,0.04684488020593009,0.0,1.0,0.0,2.0,0.0,0
923,0.6,0.015330377421392339,0.0,0.0,0.0,3.0,2.0,0
924,0.725,0.051822148727810165,1.0,0.0,0.0,1.0,2.0,1
925,0.35,0.04684488020593009,1.0,1.0,0.0,2.0,0.0,1
926,0.45,0.0761229303346364,1.0,0.0,3.0,2.0,2.0,0
927,0.35,0.015712553569072387,0.0,0.0,0.0,3.0,2.0,0
928,0.5375,0.41250332793836464,1.0,0.0,1.0,1.0,2.0,1
929,0.3375,0.014102260811993537,0.0,0.0,0.0,3.0,0.0,0
930,0.2875,0.020494635090094415,0.0,1.0,0.0,2.0,2.0,0
931,0.7625,0.024105594605968193,0.0,0.0,0.0,2.0,1.0,0
932,0.25,0.07173122281533045,1.0,0.0,0.0,2.0,2.0,0
933,0.35,0.04577135170121086,0.0,1.0,2.0,3.0,2.0,0
934,0.35,0.015712553569072387,0.0,0.0,0.0,3.0,2.0,0
935,0.3,0.013760683560491965,0.0,0.0,0.0,3.0,2.0,0
936,0.1125,0.029757819776815374,1.0,1.0,1.0,3.0,0.0,0
937,0.35,0.05855610025741261,0.0,0.0,0.0,1.0,2.0,1
938,0.45,0.04713766070721715,0.0,1.0,1.0,3.0,2.0,0
939,0.675,0.15085515328815924,0.0,0.0,1.0,1.0,2.0,0
940,0.35625,0.031425107138144774,0.0,0.0,0.0,3.0,2.0,0
941,0.5125,0.0153221795673563,0.0,0.0,0.0,3.0,2.0,0
942,0.425,0.050748620223090936,0.0,1.0,0.0,2.0,2.0,0
943,0.25,0.007831878409428937,0.0,0.0,0.0,3.0,0.0,0
944,0.25,0.013760683560491965,0.0,0.0,0.0,3.0,2.0,0
945,0.35,0.06929138530460492,0.0,0.0,0.0,1.0,2.0,1
946,0.4875,0.014110458666029575,0.0,0.0,2.0,3.0,0.0,0
947,0.6,0.07729405233978466,1.0,1.0,0.0,1.0,0.0,1
948,0.225,0.012678957201736696,0.0,1.0,0.0,3.0,2.0,0
949,0.35,0.015411575213749284,0.0,0.0,0.0,3.0,2.0,0
950,0.425,0.012678957201736696,0.0,0.0,0.0,3.0,2.0,0
951,0.5125,0.05953203526170282,0.0,0.0,0.0,1.0,2.0,0
952,0.3,0.13526459159462315,1.0,0.0,0.0,1.0,0.0,1
953,0.35,0.020901209612881715,0.0,0.0,0.0,2.0,1.0,0
954,0.35,0.015086393670319786,0.0,0.0,0.0,3.0,1.0,0
955,0.3875,0.07222738817151159,0.0,1.0,1.0,2.0,0.0,0
956,0.375,0.16883675574220638,1.0,0.0,0.0,1.0,2.0,1
957,0.175,0.12687155055772734,0.0,0.0,0.0,2.0,2.0,0
958,0.7625,0.06538764528744409,0.0,0.0,0.0,1.0,2.0,0
959,0.5,0.015411575213749284,0.0,0.0,0.0,3.0,2.0,0
960,0.0375,0.04113566043083236,1.0,3.0,1.0,3.0,2.0,0
961,0.6875,0.11594107850967697,0.0,1.0,0.0,1.0,0.0,0
962,0.075,0.06441171028315387,1.0,0.0,1.0,2.0,2.0,1
963,0.35,0.13575255909676823,1.0,8.0,2.0,3.0,2.0,0
964,0.35,0.04098927018018883,1.0,0.0,0.0,2.0,2.0,0
965,0.375,0.04098927018018883,0.0,1.0,0.0,2.0,2.0,0
966,0.2125,0.015094396337354966,1.0,0.0,0.0,3.0,1.0,0
967,0.325,0.015411575213749284,0.0,0.0,0.0,3.0,2.0,0
968,0.35,0.015411575213749284,0.0,0.0,0.0,3.0,2.0,0
969,0.35,0.0,0.0,0.0,0.0,1.0,2.0,0
970,0.2375,0.031425107138144774,1.0,1.0,0.0,3.0,2.0,0
971,0.225,0.10364429745562033,1.0,1.0,0.0,1.0,2.0,0
972,0.40625,0.41282050681475896,0.0,0.0,0.0,1.0,0.0,0
973,0.225,0.015126992566498259,0.0,0.0,0.0,3.0,2.0,0
974,0.45,0.2647385704347907,1.0,0.0,0.0,1.0,0.0,1
975,0.225,0.015712553569072387,0.0,0.0,0.0,3.0,2.0,1
976,0.4125,0.030937139635999665,1.0,3.0,0.0,3.0,2.0,1
977,0.1125,0.05445717323939373,1.0,3.0,2.0,3.0,2.0,0
978,0.5625,0.014102260811993537,1.0,0.0,0.0,3.0,0.0,0
979,0.35,0.030253985132996517,1.0,1.0,0.0,3.0,1.0,1
980,0.35,0.02469115560854232,1.0,0.0,0.0,2.0,2.0,1
981,0.575,0.11940564777490723,0.0,1.0,0.0,1.0,2.0,0
982,0.7125,0.32179836714362564,0.0,1.0,1.0,1.0,2.0,0
983,0.35,0.031425107138144774,1.0,1.0,0.0,3.0,2.0,1
984,0.1625,0.014110458666029575,1.0,0.0,0.0,3.0,0.0,1
985,0.40625,0.018542765081513996,0.0,0.0,0.0,3.0,2.0,0
986,0.45,0.025130326360472913,0.0,0.0,0.0,2.0,0.0,0
987,0.35625,0.014110458666029575,0.0,0.0,0.0,3.0,0.0,0
988,0.4375,1.0,1.0,0.0,0.0,1.0,0.0,1
989,0.4,0.015126992566498259,0.0,0.0,0.0,3.0,1.0,0
990,0.325,0.01537917417160685,0.0,0.0,0.0,3.0,1.0,0
991,0.675,0.1082149914547131,0.0,1.0,0.0,1.0,0.0,0
992,0.2125,0.023422440102965045,1.0,0.0,0.0,2.0,0.0,1
993,0.3625,0.12999454257145598,0.0,1.0,0.0,1.0,2.0,0
994,0.35,0.015126992566498259,1.0,0.0,0.0,3.0,1.0,1
995,0.225,0.022446505098674834,0.0,0.0,0.0,2.0,2.0,0
996,0.35,0.13575255909676823,1.0,8.0,2.0,3.0,2.0,0
997,0.3875,0.2625265161540666,1.0,0.0,0.0,1.0,0.0,0
998,0.5625,0.013614293309848433,0.0,0.0,0.0,3.0,2.0,0
999,0.0052499999999999995,0.016623491302076868,0.0,0.0,1.0,3.0,0.0,1
1000,0.35,0.01537917417160685,1.0,0.0,0.0,3.0,1.0,1
1001,0.3375,0.015330377421392339,0.0,0.0,0.0,3.0,2.0,0
1002,0.3125,0.013760683560491965,0.0,0.0,0.0,3.0,2.0,0
1003,0.35,0.015712553569072387,0.0,0.0,0.0,3.0,2.0,0
1004,0.30625,0.015712553569072387,0.0,0.0,0.0,3.0,2.0,0
1005,0.69375,0.015712553569072387,0.0,0.0,0.0,3.0,2.0,0
1006,0.55,0.17566830077223786,0.0,2.0,0.0,1.0,1.0,0
1007,0.2375,0.014931805565640218,0.0,0.0,0.0,3.0,2.0,0
1008,0.625,0.20772776566317125,0.0,1.0,0.0,1.0,0.0,0
1009,0.8,0.050748620223090936,0.0,0.0,0.0,1.0,2.0,0
1010,0.25,0.015330377421392339,0.0,0.0,0.0,3.0,2.0,0
1011,0.6125,0.21642978772242535,0.0,1.0,1.0,1.0,0.0,0
1012,0.225,0.039452172548431745,0.0,1.0,1.0,3.0,2.0,0
1013,0.1125,0.006188989423206797,0.0,0.0,1.0,3.0,2.0,0
1014,0.35,0.015126992566498259,1.0,0.0,0.0,3.0,1.0,0
1015,0.625,0.2608674266467732,0.0,2.0,0.0,1.0,2.0,1
1016,0.375,0.014110458666029575,0.0,0.0,0.0,3.0,0.0,0
1017,0.225,0.11711220051482522,1.0,1.0,0.0,1.0,2.0,0
1018,0.35,0.014785415314996686,0.0,0.0,0.0,3.0,2.0,0
1019,0.35,0.015411575213749284,1.0,0.0,0.0,3.0,2.0,0
1020,0.1125,0.029757819776815374,1.0,1.0,1.0,3.0,0.0,0
1021,0.65,0.05953203526170282,0.0,0.0,0.0,1.0,2.0,1
1022,0.35,0.015216388212891242,0.0,0.0,0.0,3.0,2.0,0
1023,0.225,0.015712553569072387,1.0,0.0,0.0,3.0,2.0,0
1024,0.88125,0.015126992566498259,0.0,0.0,0.0,3.0,1.0,0
1025,0.35,0.015102594191391002,0.0,0.0,0.0,3.0,1.0,0
1026,0.325,0.028212719478023115,0.0,1.0,0.0,3.0,0.0,0
1027,0.4375,0.015411575213749284,0.0,0.0,0.0,3.0,0.0,0
1028,0.35,0.028302115124416098,0.0,0.0,0.0,3.0,2.0,0
1029,0.925,0.015175789316712771,0.0,0.0,0.0,3.0,2.0,0
1030,0.225,0.015330377421392339,0.0,1.0,1.0,3.0,2.0,0
1031,0.2875,0.5133418122566505,1.0,3.0,2.0,1.0,2.0,1
1032,0.35,0.015281580671177828,0.0,0.0,0.0,3.0,1.0,0
1033,0.5625,0.026350245115835676,1.0,0.0,0.0,2.0,2.0,1
1034,0.325,0.015330377421392339,1.0,0.0,0.0,3.0,2.0,1
1035,0.35,0.015411575213749284,0.0,0.0,0.0,3.0,2.0,0
1036,0.35,0.05024445219987461,0.0,0.0,0.0,1.0,0.0,0
1037,0.3,0.05270049023167135,1.0,2.0,1.0,2.0,2.0,1
1038,0.0875,0.056848213999904744,0.0,4.0,1.0,3.0,1.0,0
1039,0.525,0.051822148727810165,0.0,0.0,0.0,1.0,2.0,0
1040,0.2,0.015175789316712771,0.0,0.0,0.0,3.0,2.0,0
1041,0.35,0.015712553569072387,0.0,0.0,0.0,3.0,2.0,0
1042,0.575,0.15458810467956932,0.0,0.0,0.0,1.0,0.0,0
1043,0.35,0.015126992566498259,0.0,0.0,0.0,3.0,1.0,0
1044,0.3125,0.08115719346076702,0.0,1.0,2.0,2.0,0.0,0
1045,0.6375,0.15216446768991498,1.0,1.0,0.0,1.0,2.0,1
1046,0.3,0.05270049023167135,1.0,2.0,1.0,2.0,2.0,1
1047,0.25,0.014110458666029575,0.0,0.0,0.0,3.0,0.0,1
1048,0.2125,0.020494635090094415,1.0,0.0,0.0,2.0,2.0,1
1049,0.35,0.17391981561855152,1.0,1.0,0.0,1.0,0.0,1
1050,0.6125,0.050610427826483444,1.0,0.0,0.0,1.0,2.0,1
1051,0.6375,0.15216446768991498,1.0,1.0,0.0,1.0,2.0,1
1052,0.3375,0.10364429745562033,0.0,1.0,0.0,1.0,2.0,1
1053,0.35,0.04538097769949478,1.0,2.0,0.0,3.0,1.0,1
1054,0.2375,0.050748620223090936,1.0,1.0,0.0,2.0,2.0,1
1055,0.425,0.020494635090094415,1.0,0.0,0.0,2.0,2.0,1
1056,0.45,0.033962538149299316,1.0,1.0,0.0,3.0,2.0,1
1057,0.2625,0.15216446768991498,1.0,0.0,0.0,1.0,2.0,1
1058,0.2875,0.12366716556464086,0.0,0.0,1.0,1.0,0.0,1
1059,0.35,0.02469115560854232,1.0,0.0,0.0,2.0,2.0,1
1060,0.35,0.04538097769949478,0.0,2.0,0.0,3.0,1.0,1
1061,0.3,0.028302115124416098,1.0,0.0,2.0,2.0,2.0,1
1062,0.3,0.03259622914329302,1.0,0.0,2.0,3.0,2.0,1
1063,0.075,0.06441171028315387,1.0,0.0,1.0,2.0,2.0,1
1064,0.525,0.025374310111545468,0.0,0.0,0.0,2.0,2.0,1
1065,0.35,0.11027245763075773,0.0,0.0,0.0,3.0,2.0,1
1066,0.7,0.06929138530460492,0.0,0.0,0.0,1.0,0.0,1
1067,0.2375,0.020494635090094415,0.0,0.0,0.0,2.0,2.0,1
1068,0.0625,0.024349578357040744,1.0,0.0,0.0,3.0,2.0,1
1069,0.3,0.05270049023167135,1.0,2.0,1.0,2.0,2.0,1
1070,0.0875,0.05123658772523604,1.0,0.0,2.0,2.0,2.0,1
1071,0.225,0.04489301019734967,1.0,0.0,1.0,2.0,2.0,1
1072,0.35,0.014102260811993537,1.0,0.0,0.0,3.0,0.0,1
1073,0.6,0.12687155055772734,1.0,1.0,2.0,2.0,2.0,1
1074,0.35,0.015126992566498259,1.0,0.0,0.0,3.0,1.0,1
1075,0.2625,0.15216446768991498,1.0,0.0,0.0,1.0,2.0,1
1076,0.3,0.16231419173453318,1.0,0.0,0.0,1.0,0.0,1
1077,0.6125,0.050610427826483444,1.0,0.0,0.0,1.0,2.0,1
1078,0.35,0.057970539254838485,0.0,0.0,0.0,1.0,0.0,1
1079,0.2625,0.014931805565640218,1.0,0.0,0.0,3.0,2.0,1
1080,0.2375,0.015330377421392339,1.0,1.0,0.0,3.0,2.0,1
1081,0.1125,0.031034733136428686,0.0,1.0,1.0,3.0,2.0,1
1082,0.35,0.01537917417160685,1.0,0.0,0.0,3.0,1.0,1
1083,0.225,0.014630827210317115,1.0,0.0,0.0,3.0,2.0,1
1084,0.2125,0.2125586439344078,1.0,1.0,0.0,1.0,0.0,1
1085,0.0052499999999999995,0.016623491302076868,0.0,0.0,1.0,3.0,0.0,1
1086,0.4125,0.050748620223090936,1.0,0.0,2.0,2.0,2.0,1
1087,0.3875,0.05123658772523604,1.0,1.0,1.0,2.0,2.0,1
1088,0.275,0.014102260811993537,0.0,0.0,0.0,3.0,0.0,1
1089,0.0375,0.061264319894317944,0.0,4.0,2.0,3.0,2.0,1
1090,0.2375,0.01537917417160685,1.0,0.0,0.0,3.0,1.0,1
1091,0.3875,0.025374310111545468,0.0,0.0,0.0,2.0,2.0,1
1092,0.05,0.021730754366528396,0.0,1.0,1.0,3.0,2.0,1
1093,0.1625,0.014110458666029575,1.0,0.0,0.0,3.0,0.0,1
1094,0.2875,0.014736618564782174,1.0,0.0,0.0,3.0,2.0,1
1095,0.2375,0.05855610025741261,1.0,0.0,0.0,1.0,2.0,1
1096,0.35,0.10735285047192313,1.0,0.0,1.0,1.0,2.0,1
1097,0.75,0.14687821814567664,1.0,1.0,0.0,1.0,0.0,1
1098,0.3375,0.016908073949327893,0.0,0.0,0.0,3.0,2.0,1
1099,0.325,0.015330377421392339,1.0,0.0,0.0,3.0,2.0,1
1100,0.3,0.05270049023167135,1.0,2.0,1.0,2.0,2.0,1
1101,0.35,0.04538097769949478,1.0,2.0,0.0,3.0,1.0,1
1102,0.375,0.16883675574220638,1.0,0.0,0.0,1.0,2.0,1
1103,0.0875,0.05123658772523604,1.0,0.0,2.0,2.0,2.0,1
1104,0.35,0.015175789316712771,0.0,0.0,0.0,3.0,2.0,1
1105,0.225,0.1554664461834305,1.0,0.0,2.0,1.0,2.0,1
1106,0.475,0.061264319894317944,1.0,1.0,5.0,3.0,2.0,1
1107,0.225,0.014630827210317115,1.0,0.0,0.0,3.0,2.0,1
1108,0.6,0.050610427826483444,1.0,0.0,0.0,1.0,2.0,1
1109,0.375,0.16883675574220638,1.0,0.0,0.0,1.0,2.0,1
1110,0.0625,0.024349578357040744,1.0,0.0,0.0,3.0,2.0,1
1111,0.35,0.015126992566498259,1.0,0.0,0.0,3.0,1.0,1
1112,0.3875,0.04006213192611313,1.0,1.0,1.0,3.0,2.0,1
1113,0.1625,0.0380614651673182,1.0,0.0,1.0,2.0,2.0,1
1114,0.35,0.014110458666029575,1.0,0.0,0.0,3.0,0.0,1
1115,0.45,1.0,0.0,0.0,1.0,1.0,0.0,1
1116,0.35,0.10122885832000206,1.0,1.0,0.0,1.0,2.0,1
1117,0.4125,0.10364429745562033,1.0,1.0,0.0,1.0,2.0,1
1118,0.675,0.1527664244005612,1.0,1.0,0.0,1.0,0.0,1
1119,0.35,0.16038672010106,1.0,1.0,0.0,1.0,0.0,1
1120,0.275,0.014102260811993537,0.0,0.0,0.0,3.0,0.0,1
1121,0.4375,1.0,0.0,0.0,0.0,1.0,0.0,1
1122,0.4375,1.0,1.0,0.0,0.0,1.0,0.0,1
1123,0.25,0.015468569817999833,0.0,1.0,0.0,3.0,2.0,1
1124,0.35,0.015126992566498259,1.0,0.0,0.0,3.0,1.0,1
1125,0.35,0.015200187691820024,1.0,0.0,0.0,3.0,1.0,1
1126,0.3,0.16231419173453318,1.0,0.0,0.0,1.0,0.0,1
1127,0.2,0.015712553569072387,0.0,0.0,0.0,3.0,2.0,1
1128,0.2875,0.5133418122566505,1.0,3.0,2.0,1.0,2.0,1
1129,0.025,0.023983602730431916,1.0,0.0,1.0,3.0,2.0,1
1130,0.3875,0.22109807522194713,1.0,1.0,0.0,1.0,0.0,1
1131,0.4125,0.05416439273810667,1.0,1.0,2.0,2.0,2.0,1
1132,0.0375,0.08115719346076702,1.0,1.0,2.0,2.0,0.0,1
1133,0.5,0.060507970265993034,0.0,0.0,0.0,1.0,0.0,1
1134,0.025,0.050748620223090936,0.0,1.0,1.0,2.0,2.0,1
1135,0.05,0.0761229303346364,1.0,2.0,1.0,2.0,2.0,1
1136,0.4125,0.050748620223090936,1.0,0.0,2.0,2.0,2.0,1
1137,0.0625,0.061264319894317944,1.0,4.0,2.0,3.0,2.0,1
1138,0.375,0.018542765081513996,0.0,0.0,0.0,3.0,2.0,1
1139,0.2625,0.15216446768991498,1.0,0.0,0.0,1.0,2.0,1
1140,0.35,0.030253985132996517,1.0,1.0,0.0,3.0,1.0,1
1141,0.775,0.020494635090094415,0.0,0.0,0.0,2.0,2.0,1
1142,0.2375,0.05855610025741261,1.0,0.0,0.0,1.0,2.0,1
1143,0.225,0.015712553569072387,0.0,0.0,0.0,3.0,2.0,1
1144,0.475,0.4440992237022602,1.0,0.0,0.0,1.0,0.0,1
1145,0.1625,0.0380614651673182,1.0,0.0,1.0,2.0,2.0,1
1146,0.3625,0.020494635090094415,1.0,0.0,0.0,2.0,2.0,1
1147,0.5625,0.32179836714362564,1.0,1.0,1.0,1.0,2.0,1
1148,0.675,0.1527664244005612,1.0,1.0,0.0,1.0,0.0,1
1149,0.25,0.015468569817999833,0.0,1.0,0.0,3.0,2.0,1
1150,0.275,0.08115719346076702,1.0,1.0,2.0,2.0,0.0,1
1151,0.35,0.15458810467956932,1.0,0.0,0.0,1.0,0.0,1
1152,0.0125,0.030725752114070404,1.0,0.0,2.0,3.0,0.0,1
1153,0.325,0.11027245763075773,0.0,0.0,0.0,3.0,2.0,1
1154,0.25,0.015468569817999833,0.0,1.0,0.0,3.0,2.0,1
1155,0.475,0.061264319894317944,1.0,1.0,5.0,3.0,2.0,1
1156,0.275,0.014151057562208049,1.0,0.0,0.0,3.0,2.0,1
1157,0.3125,0.1082149914547131,0.0,1.0,0.0,1.0,0.0,1
1158,0.725,0.2995388511917728,1.0,0.0,1.0,1.0,2.0,1
1159,0.325,0.015468569817999833,1.0,0.0,0.0,3.0,2.0,1
1160,0.6875,0.03122992013728673,1.0,0.0,0.0,2.0,2.0,1
1161,0.2375,0.051301584996521765,1.0,0.0,2.0,1.0,2.0,1
1162,0.009375,0.03758969818624431,1.0,2.0,1.0,3.0,0.0,1
1163,0.05,0.15977676072337862,0.0,0.0,2.0,1.0,2.0,1
1164,0.4375,0.10149724044618187,1.0,1.0,0.0,1.0,2.0,1
1165,0.325,0.036670757786204655,0.0,0.0,0.0,3.0,0.0,1
1166,0.2375,0.020494635090094415,0.0,0.0,0.0,2.0,2.0,1
1167,0.3875,0.015468569817999833,0.0,0.0,0.0,3.0,2.0,1
1168,0.4125,0.05416439273810667,1.0,1.0,2.0,2.0,2.0,1
1169,0.2625,0.5121218935012878,1.0,2.0,2.0,1.0,0.0,1
1170,0.35,0.015200187691820024,1.0,0.0,0.0,3.0,1.0,1
1171,0.1875,0.41250332793836464,1.0,0.0,1.0,1.0,2.0,1
1172,0.35,0.10735285047192313,1.0,0.0,1.0,1.0,2.0,1
1173,0.2,0.015094396337354966,1.0,0.0,0.0,3.0,1.0,1
1174,0.25,0.015468569817999833,0.0,1.0,0.0,3.0,2.0,1
1175,0.0875,0.05123658772523604,1.0,0.0,2.0,2.0,2.0,1
1176,0.2375,0.17777475888549785,1.0,1.0,0.0,1.0,0.0,1
1177,0.3,0.12687155055772734,1.0,1.0,2.0,2.0,2.0,1
1178,0.35,0.031425107138144774,1.0,1.0,0.0,3.0,2.0,1
1179,0.2,0.015126992566498259,1.0,0.0,0.0,3.0,1.0,1
1180,0.35,0.031425107138144774,1.0,1.0,0.0,3.0,2.0,1
1181,0.0125,0.07222738817151159,0.0,0.0,2.0,2.0,0.0,1
1182,0.3,0.13526459159462315,1.0,0.0,0.0,1.0,0.0,1
1183,0.3375,0.1497654242623688,0.0,0.0,0.0,1.0,0.0,1
1184,0.2375,0.17777475888549785,1.0,1.0,0.0,1.0,0.0,1
1185,0.7875,0.15216446768991498,1.0,1.0,0.0,1.0,2.0,1
1186,0.025,0.050748620223090936,0.0,1.0,1.0,2.0,2.0,1
1187,0.45,0.033962538149299316,1.0,1.0,0.0,3.0,2.0,1
1188,0.2375,0.051301584996521765,1.0,0.0,2.0,1.0,2.0,1
1189,0.0125,0.030725752114070404,1.0,0.0,2.0,3.0,0.0,1
1190,0.2,0.015126992566498259,1.0,0.0,0.0,3.0,1.0,1
1191,0.4,0.05953203526170282,0.0,0.0,0.0,1.0,0.0,1
1192,0.3375,0.027049600139910042,1.0,1.0,0.0,2.0,0.0,1
1193,0.35,0.15458810467956932,1.0,0.0,0.0,1.0,0.0,1
1194,0.2875,0.5133418122566505,1.0,3.0,2.0,1.0,2.0,1
1195,0.3375,0.027049600139910042,1.0,1.0,0.0,2.0,0.0,1
1196,0.375,0.018542765081513996,0.0,0.0,0.0,3.0,2.0,1
1197,0.3375,0.027049600139910042,1.0,1.0,0.0,2.0,0.0,1
1198,0.275,0.014102260811993537,0.0,0.0,0.0,3.0,0.0,1
1199,0.009375,0.03758969818624431,1.0,2.0,1.0,3.0,0.0,1
1200,0.3375,0.027049600139910042,1.0,1.0,0.0,2.0,0.0,1
1201,0.2375,0.01537917417160685,1.0,0.0,0.0,3.0,1.0,1
1202,0.1875,0.028212719478023115,1.0,1.0,0.0,3.0,0.0,1
1203,0.3,0.5133418122566505,1.0,3.0,2.0,1.0,2.0,1
1204,0.3875,0.025374310111545468,0.0,0.0,0.0,2.0,2.0,1
1205,0.35,0.015126992566498259,1.0,0.0,0.0,3.0,1.0,1
1206,0.2375,0.17777475888549785,1.0,1.0,0.0,1.0,0.0,1
1207,0.3,0.09662576327876685,1.0,0.0,0.0,1.0,0.0,1
1208,0.1875,0.028212719478023115,1.0,1.0,0.0,3.0,0.0,1
1209,0.225,0.014630827210317115,1.0,0.0,0.0,3.0,2.0,1
1210,0.025,0.050748620223090936,0.0,1.0,1.0,2.0,2.0,1
1211,0.2375,0.05855610025741261,1.0,0.0,0.0,1.0,2.0,1
1212,0.2375,0.051301584996521765,1.0,0.0,2.0,1.0,2.0,1
1213,0.0125,0.07222738817151159,0.0,0.0,2.0,2.0,0.0,1
1214,0.5375,0.41250332793836464,1.0,0.0,1.0,1.0,2.0,1
1215,0.75,0.15458810467956932,0.0,1.0,1.0,1.0,0.0,1
1216,0.35,0.21642978772242535,1.0,0.0,0.0,1.0,0.0,1
1217,0.0125,0.021730754366528396,1.0,1.0,1.0,3.0,2.0,1
1218,0.225,0.015712553569072387,0.0,0.0,0.0,3.0,2.0,1
1219,0.0115,0.29580589980036276,0.0,1.0,2.0,1.0,2.0,1
1220,0.0125,0.07222738817151159,0.0,0.0,2.0,2.0,0.0,1
1221,0.05,0.04489301019734967,1.0,1.0,1.0,2.0,2.0,1
1222,0.35,0.030253985132996517,1.0,1.0,0.0,3.0,1.0,1
1223,0.625,0.050748620223090936,1.0,0.0,1.0,2.0,2.0,1
1224,0.2,0.015712553569072387,0.0,0.0,0.0,3.0,2.0,1
1225,0.4375,0.05130978285055781,0.0,0.0,0.0,1.0,2.0,1
1226,0.009375,0.03758969818624431,1.0,2.0,1.0,3.0,0.0,1
1227,0.35,0.031425107138144774,1.0,1.0,0.0,3.0,2.0,1
1228,0.35,0.015126992566498259,0.0,0.0,0.0,3.0,1.0,1
1229,0.375,0.16883675574220638,1.0,0.0,0.0,1.0,2.0,1
1230,0.05,0.026187654344120927,1.0,0.0,1.0,3.0,0.0,1
1231,0.35,0.015126992566498259,0.0,0.0,0.0,3.0,1.0,1
1232,0.1875,0.014102260811993537,1.0,0.0,0.0,3.0,0.0,1
1233,0.2,0.015094396337354966,1.0,0.0,0.0,3.0,1.0,1
1234,0.1375,0.23422440102965045,0.0,1.0,2.0,1.0,2.0,1
1235,0.35,0.10122885832000206,1.0,1.0,0.0,1.0,2.0,1
1236,0.65,0.05953203526170282,0.0,0.0,0.0,1.0,2.0,1
1237,0.35,0.11027245763075773,0.0,0.0,0.0,3.0,2.0,1
1238,0.5,0.060507970265993034,0.0,0.0,0.0,1.0,0.0,1
1239,0.35,0.015126992566498259,1.0,0.0,0.0,3.0,1.0,1
1240,0.375,0.16883675574220638,1.0,0.0,0.0,1.0,2.0,1
1241,0.35,0.030253985132996517,1.0,1.0,0.0,3.0,1.0,1
1242,0.5,0.025374310111545468,1.0,0.0,0.0,2.0,2.0,1
1243,0.375,0.025374310111545468,1.0,0.0,0.0,2.0,2.0,1
1244,0.2375,0.01537917417160685,1.0,0.0,0.0,3.0,1.0,1
1245,0.45,0.2647385704347907,1.0,0.0,0.0,1.0,0.0,1
1246,0.275,0.09661756542473081,1.0,0.0,2.0,1.0,0.0,1
1247,0.0125,0.0761229303346364,0.0,2.0,1.0,2.0,2.0,1
1248,0.2375,0.051301584996521765,1.0,0.0,2.0,1.0,2.0,1
1249,0.45,1.0,0.0,0.0,1.0,1.0,0.0,1
1250,0.2,0.015126992566498259,1.0,0.0,0.0,3.0,1.0,1
1251,0.5,0.060507970265993034,0.0,0.0,0.0,1.0,0.0,1
1252,0.05,0.026187654344120927,1.0,0.0,1.0,3.0,0.0,1
1253,0.225,0.1554664461834305,1.0,0.0,2.0,1.0,2.0,1
1254,0.2625,0.15216446768991498,1.0,0.0,0.0,1.0,2.0,1
1255,0.45,0.033962538149299316,1.0,1.0,0.0,3.0,2.0,1
1256,0.3875,0.025374310111545468,0.0,0.0,0.0,2.0,2.0,1
1257,0.525,0.4440992237022602,1.0,0.0,0.0,1.0,0.0,1
1258,0.3,0.028302115124416098,1.0,0.0,2.0,2.0,2.0,1
1259,0.35,0.031425107138144774,1.0,1.0,0.0,3.0,2.0,1
1260,0.4875,0.1554664461834305,1.0,1.0,1.0,1.0,2.0,1
1261,0.3375,0.027049600139910042,1.0,1.0,0.0,2.0,0.0,1
1262,0.275,0.015126992566498259,1.0,0.0,0.0,3.0,1.0,1
1263,0.45,0.2647385704347907,1.0,0.0,0.0,1.0,0.0,1
1264,0.0625,0.061264319894317944,1.0,4.0,2.0,3.0,2.0,1
1265,0.5,0.025374310111545468,1.0,0.0,0.0,2.0,2.0,1
1266,0.5,0.060507970265993034,0.0,0.0,0.0,1.0,0.0,1
1267,0.2875,0.22109807522194713,1.0,1.0,0.0,1.0,0.0,1
1268,0.5125,0.2625265161540666,1.0,0.0,0.0,1.0,0.0,1
1269,0.4375,1.0,0.0,0.0,0.0,1.0,0.0,1
1270,0.225,0.1554664461834305,1.0,0.0,2.0,1.0,2.0,1
1271,0.009375,0.03758969818624431,1.0,2.0,1.0,3.0,0.0,1
1272,0.3,0.028302115124416098,1.0,0.0,2.0,2.0,2.0,1
1273,0.3375,0.015216388212891242,0.0,0.0,0.0,3.0,2.0,1
1274,0.3,0.16231419173453318,1.0,0.0,0.0,1.0,0.0,1
1275,0.3625,0.050748620223090936,1.0,1.0,0.0,2.0,2.0,1
1276,0.2,0.015094396337354966,1.0,0.0,0.0,3.0,1.0,1
1277,0.025,0.023983602730431916,1.0,0.0,1.0,3.0,2.0,1
1278,0.35,0.04364049521284361,1.0,0.0,2.0,3.0,0.0,1
1279,0.3,0.03259622914329302,1.0,0.0,2.0,3.0,2.0,1
1280,0.35,0.015094396337354966,1.0,0.0,0.0,3.0,1.0,1
1281,0.525,0.10257896680493714,0.0,1.0,0.0,1.0,2.0,1
1282,0.4375,0.03952536767375352,1.0,1.0,1.0,3.0,2.0,1
1283,0.4,0.11027245763075773,0.0,0.0,0.0,3.0,2.0,1
1284,0.35,0.014102260811993537,1.0,0.0,0.0,3.0,0.0,1
1285,0.0052499999999999995,0.016623491302076868,0.0,0.0,1.0,3.0,0.0,1
1286,0.375,0.20772776566317125,1.0,0.0,0.0,1.0,0.0,1
1287,0.35,0.014110458666029575,0.0,0.0,0.0,3.0,0.0,1
1288,0.625,0.050748620223090936,1.0,0.0,1.0,2.0,2.0,1
1289,0.05,0.026187654344120927,1.0,0.0,1.0,3.0,0.0,1
1290,0.45,0.23422440102965045,1.0,1.0,2.0,1.0,2.0,1
1291,0.4125,0.050748620223090936,1.0,0.0,2.0,2.0,2.0,1
1292,0.35,0.04538097769949478,0.0,2.0,0.0,3.0,1.0,1
1293,0.35,0.11027245763075773,0.0,0.0,0.0,3.0,2.0,1
1294,0.225,0.025374310111545468,1.0,0.0,2.0,2.0,2.0,1
1295,0.025,0.050748620223090936,0.0,1.0,1.0,2.0,2.0,1
1296,0.3,0.5133418122566505,1.0,3.0,2.0,1.0,2.0,1
1297,0.525,0.10257896680493714,0.0,1.0,0.0,1.0,2.0,1
1298,0.65,0.1527664244005612,1.0,1.0,0.0,1.0,0.0,1
1299,0.0125,0.04015972542654215,0.0,1.0,2.0,3.0,2.0,1
1300,0.5,0.060507970265993034,0.0,0.0,0.0,1.0,0.0,1
1301,0.2,0.015126992566498259,1.0,0.0,0.0,3.0,1.0,1
1302,0.0125,0.0761229303346364,0.0,2.0,1.0,2.0,2.0,1
1303,0.4125,0.17566830077223786,1.0,1.0,0.0,1.0,1.0,1
1304,0.55,0.11316786160148591,1.0,0.0,1.0,1.0,0.0,1
1305,0.5,0.060507970265993034,0.0,0.0,0.0,1.0,0.0,1
1306,0.0625,0.024349578357040744,1.0,0.0,0.0,3.0,2.0,1
1307,0.35,0.031425107138144774,1.0,1.0,0.0,3.0,2.0,1
1308,0.2875,0.014736618564782174,1.0,0.0,0.0,3.0,2.0,1
1309,0.075,0.06441171028315387,1.0,0.0,1.0,2.0,2.0,1
1310,0.3,0.028302115124416098,1.0,0.0,2.0,2.0,2.0,1
1311,0.4125,0.030937139635999665,1.0,3.0,0.0,3.0,2.0,1
1312,0.2,0.015094396337354966,1.0,0.0,0.0,3.0,1.0,1
1313,0.35,0.051822148727810165,0.0,0.0,0.0,1.0,2.0,1
1314,0.4,0.025374310111545468,1.0,0.0,0.0,2.0,2.0,1
1315,0.3875,0.025374310111545468,0.0,0.0,0.0,2.0,2.0,1
1316,0.3,0.050748620223090936,1.0,1.0,0.0,2.0,2.0,1
1317,0.3625,0.015411575213749284,0.0,0.0,0.0,3.0,0.0,1
1318,0.225,0.4440992237022602,1.0,1.0,0.0,1.0,0.0,1
1319,0.35,0.11027245763075773,0.0,0.0,0.0,3.0,2.0,1
1320,0.375,0.024105594605968193,1.0,0.0,0.0,2.0,1.0,1
1321,0.0375,0.031034733136428686,0.0,1.0,1.0,3.0,2.0,1
1322,0.275,0.015126992566498259,1.0,0.0,0.0,3.0,1.0,1
1323,0.35,0.04684488020593009,1.0,1.0,0.0,2.0,0.0,1
1324,0.35,0.04364049521284361,1.0,0.0,2.0,3.0,0.0,1
1325,0.1375,0.23422440102965045,0.0,1.0,2.0,1.0,2.0,1
1326,0.2375,0.020494635090094415,0.0,0.0,0.0,2.0,2.0,1
1327,0.5375,0.41250332793836464,1.0,0.0,1.0,1.0,2.0,1
1328,0.05,0.04298993693898376,1.0,0.0,2.0,3.0,2.0,1
1329,0.6875,0.03122992013728673,1.0,0.0,0.0,2.0,2.0,1
1330,0.325,0.015468569817999833,1.0,0.0,0.0,3.0,2.0,1
1331,0.4375,0.051822148727810165,0.0,0.0,0.0,1.0,0.0,1
1332,0.40625,0.025374310111545468,1.0,0.0,0.0,2.0,2.0,1
1333,0.0052499999999999995,0.016623491302076868,0.0,0.0,1.0,3.0,0.0,1
1334,0.225,0.019209719063445922,1.0,0.0,0.0,3.0,2.0,1
1335,0.275,0.014151057562208049,1.0,0.0,0.0,3.0,2.0,1
1336,0.2125,0.2125586439344078,1.0,1.0,0.0,1.0,0.0,1
1337,0.35,0.04538097769949478,1.0,2.0,0.0,3.0,1.0,1
1338,0.35,0.014102260811993537,1.0,0.0,0.0,3.0,0.0,1
1339,0.2875,0.22109807522194713,1.0,1.0,0.0,1.0,0.0,1
1340,0.35,0.015126992566498259,1.0,0.0,0.0,3.0,1.0,1
1341,0.675,0.1527664244005612,1.0,1.0,0.0,1.0,0.0,1
1342,0.0875,0.05123658772523604,1.0,0.0,2.0,2.0,2.0,1
1343,0.325,0.05855610025741261,0.0,0.0,0.0,1.0,0.0,1
1344,0.2875,0.12366716556464086,0.0,0.0,1.0,1.0,0.0,1
1345,0.3,0.050748620223090936,1.0,1.0,0.0,2.0,2.0,1
1346,0.4,0.05953203526170282,0.0,0.0,0.0,1.0,0.0,1
1347,0.2375,0.020494635090094415,0.0,0.0,0.0,2.0,2.0,1
1348,0.3,0.05270049023167135,1.0,2.0,1.0,2.0,2.0,1
1349,0.3875,0.025374310111545468,0.0,0.0,0.0,2.0,2.0,1
1350,0.375,0.018542765081513996,0.0,0.0,0.0,3.0,2.0,1
1351,0.0052499999999999995,0.016623491302076868,0.0,0.0,1.0,3.0,0.0,1
1352,0.225,0.014630827210317115,1.0,0.0,0.0,3.0,2.0,1
1353,0.375,0.025374310111545468,1.0,0.0,0.0,2.0,2.0,1
1354,0.1875,0.41250332793836464,1.0,0.0,1.0,1.0,2.0,1
1355,0.775,0.020494635090094415,0.0,0.0,0.0,2.0,2.0,1
1356,0.6375,0.15216446768991498,1.0,1.0,0.0,1.0,2.0,1
1357,0.45,0.025374310111545468,1.0,0.0,0.0,2.0,2.0,1
1358,0.2125,0.023422440102965045,1.0,0.0,0.0,2.0,0.0,1
1359,0.3375,0.024349578357040744,1.0,0.0,1.0,3.0,2.0,1
1360,0.35,0.030253985132996517,1.0,1.0,0.0,3.0,1.0,1
1361,0.5625,0.026350245115835676,1.0,0.0,0.0,2.0,2.0,1
1362,0.4375,0.05130978285055781,0.0,0.0,0.0,1.0,2.0,1
1363,0.05,0.021730754366528396,0.0,1.0,1.0,3.0,2.0,1
1364,0.525,0.10257896680493714,0.0,1.0,0.0,1.0,2.0,1
1365,0.05,0.026187654344120927,1.0,0.0,1.0,3.0,0.0,1
1366,0.525,0.05130978285055781,0.0,0.0,0.0,1.0,2.0,1
1367,0.525,0.4440992237022602,1.0,0.0,0.0,1.0,0.0,1
1368,0.2125,0.2125586439344078,1.0,1.0,0.0,1.0,0.0,1
1369,0.3,0.050748620223090936,1.0,1.0,0.0,2.0,2.0,1
1370,0.35,0.05953203526170282,0.0,0.0,0.0,1.0,2.0,1
1371,0.45,0.23422440102965045,0.0,1.0,2.0,1.0,2.0,1
1372,0.375,0.024105594605968193,1.0,0.0,0.0,2.0,1.0,1
1373,0.35,0.10122885832000206,1.0,1.0,0.0,1.0,2.0,1
1374,0.3,0.050748620223090936,1.0,1.0,0.0,2.0,2.0,1
1375,0.3375,0.10364429745562033,0.0,1.0,0.0,1.0,2.0,1
1376,0.0375,0.03659756266088288,0.0,1.0,1.0,2.0,2.0,1
1377,0.6125,0.11111839809247648,0.0,1.0,0.0,1.0,0.0,1
1378,0.0125,0.030725752114070404,1.0,0.0,2.0,3.0,0.0,1
1379,0.3,0.09662576327876685,1.0,0.0,0.0,1.0,0.0,1
1380,0.4375,0.16293234896625058,1.0,1.0,0.0,1.0,2.0,1
1381,0.3875,0.22109807522194713,1.0,1.0,0.0,1.0,0.0,1
1382,0.2625,0.014931805565640218,1.0,0.0,0.0,3.0,2.0,1
1383,0.475,0.061264319894317944,1.0,1.0,5.0,3.0,2.0,1
1384,0.35,0.17391981561855152,1.0,1.0,0.0,1.0,0.0,1
1385,0.35,0.04538097769949478,0.0,2.0,0.0,3.0,1.0,1
1386,0.5,0.2625265161540666,1.0,1.0,1.0,1.0,0.0,1
1387,0.5375,0.41250332793836464,1.0,0.0,1.0,1.0,2.0,1
1388,0.275,0.12999454257145598,1.0,1.0,0.0,1.0,2.0,1
1389,0.375,0.18249984580226933,1.0,0.0,0.0,1.0,2.0,1
1390,0.35,0.030253985132996517,1.0,1.0,0.0,3.0,1.0,1
1391,0.4375,0.10149724044618187,1.0,1.0,0.0,1.0,2.0,1
1392,0.2625,0.020494635090094415,1.0,0.0,0.0,2.0,2.0,1
1393,0.3,0.5133418122566505,1.0,3.0,2.0,1.0,2.0,1
1394,0.5,0.2625265161540666,1.0,1.0,1.0,1.0,0.0,1
1395,0.3375,0.024349578357040744,1.0,0.0,1.0,3.0,2.0,1
1396,0.325,0.15390495017656614,1.0,0.0,0.0,1.0,2.0,1
1397,0.35,0.015094396337354966,1.0,0.0,0.0,3.0,1.0,1
1398,0.2375,0.015712553569072387,0.0,0.0,0.0,3.0,2.0,1
1399,0.2375,0.05855610025741261,1.0,0.0,0.0,1.0,2.0,1
1400,0.1375,0.23422440102965045,0.0,1.0,2.0,1.0,2.0,1
1401,0.425,0.020494635090094415,1.0,0.0,0.0,2.0,2.0,1
1402,0.45,0.2647385704347907,1.0,0.0,0.0,1.0,0.0,1
1403,0.325,0.11027245763075773,0.0,0.0,0.0,3.0,2.0,1
1404,0.3875,0.016948672845506364,1.0,0.0,0.0,3.0,2.0,1
1405,0.6,0.07729405233978466,1.0,1.0,0.0,1.0,0.0,1
1406,0.35,0.029757819776815374,0.0,1.0,1.0,3.0,0.0,1
1407,0.35,0.04684488020593009,1.0,1.0,0.0,2.0,0.0,1
1408,0.425,0.020494635090094415,1.0,0.0,0.0,2.0,2.0,1
1409,0.4,0.05953203526170282,0.0,0.0,0.0,1.0,0.0,1
1410,0.4,0.025374310111545468,1.0,0.0,0.0,2.0,2.0,1
1411,0.6,0.07729405233978466,1.0,1.0,0.0,1.0,0.0,1
1412,0.05,0.026187654344120927,1.0,0.0,1.0,3.0,0.0,1
1413,0.0125,0.030725752114070404,1.0,0.0,2.0,3.0,0.0,1
1414,0.35,0.030253985132996517,1.0,1.0,0.0,3.0,1.0,1
1415,0.45,0.23422440102965045,1.0,1.0,2.0,1.0,2.0,1
1416,0.6,0.1497654242623688,0.0,1.0,0.0,1.0,0.0,1
1417,0.5375,0.41250332793836464,1.0,0.0,1.0,1.0,2.0,1
1418,0.35,0.02469115560854232,1.0,0.0,0.0,2.0,2.0,1
1419,0.2375,0.051301584996521765,1.0,0.0,2.0,1.0,2.0,1
1420,0.45,0.033962538149299316,1.0,1.0,0.0,3.0,2.0,1
1421,0.2,0.07690367833806856,1.0,0.0,1.0,1.0,2.0,1
1422,0.4375,1.0,0.0,0.0,0.0,1.0,0.0,1
1423,0.025,0.023983602730431916,1.0,0.0,1.0,3.0,2.0,1
1424,0.5625,0.32179836714362564,1.0,1.0,1.0,1.0,2.0,1
1425,0.375,0.018542765081513996,0.0,0.0,0.0,3.0,2.0,1
1426,0.2875,0.5133418122566505,1.0,3.0,2.0,1.0,2.0,1
1427,0.35,0.014110458666029575,1.0,0.0,0.0,3.0,0.0,1
1428,0.275,0.10735285047192313,1.0,0.0,1.0,1.0,2.0,1
1429,0.3125,0.05855610025741261,1.0,1.0,1.0,2.0,2.0,1
1430,0.35,0.10735285047192313,1.0,0.0,1.0,1.0,2.0,1
1431,0.025,0.050748620223090936,1.0,1.0,1.0,2.0,2.0,1
1432,0.55,0.11316786160148591,1.0,0.0,1.0,1.0,0.0,1
1433,0.075,0.06441171028315387,1.0,0.0,1.0,2.0,2.0,1
1434,0.1125,0.031034733136428686,0.0,1.0,1.0,3.0,2.0,1
1435,0.4125,0.050748620223090936,1.0,0.0,2.0,2.0,2.0,1
1436,0.35,0.04538097769949478,1.0,2.0,0.0,3.0,1.0,1
1437,0.4375,0.04098927018018883,1.0,0.0,0.0,2.0,2.0,1
1438,0.0052499999999999995,0.016623491302076868,0.0,0.0,1.0,3.0,0.0,1
1439,0.4,0.14891148113361488,1.0,0.0,0.0,1.0,0.0,1
1440,0.4375,0.04098927018018883,1.0,0.0,0.0,2.0,2.0,1
1441,0.375,0.024349578357040744,1.0,0.0,0.0,3.0,2.0,1
1442,0.5625,0.015712553569072387,0.0,0.0,0.0,3.0,2.0,1
1443,0.45,0.025374310111545468,1.0,0.0,0.0,2.0,2.0,1
1444,0.225,0.4440992237022602,1.0,1.0,0.0,1.0,0.0,1
1445,0.4875,0.1554664461834305,1.0,1.0,1.0,1.0,2.0,1
1446,0.6,0.050610427826483444,1.0,0.0,0.0,1.0,2.0,1
1447,0.35,0.06929138530460492,0.0,0.0,0.0,1.0,2.0,1
1448,0.4,0.11027245763075773,0.0,0.0,0.0,3.0,2.0,1
1449,0.35,0.04538097769949478,0.0,2.0,0.0,3.0,1.0,1
1450,0.0625,0.061264319894317944,1.0,4.0,2.0,3.0,2.0,1
1451,0.3,0.01393967004027879,0.0,0.0,0.0,3.0,2.0,1
1452,0.5,0.060507970265993034,0.0,0.0,0.0,1.0,0.0,1
1453,0.325,0.015468569817999833,1.0,0.0,0.0,3.0,2.0,1
1454,0.0125,0.030725752114070404,1.0,0.0,2.0,3.0,0.0,1
1455,0.45,0.033962538149299316,1.0,1.0,0.0,3.0,2.0,1
1456,0.35,0.11027245763075773,0.0,0.0,0.0,3.0,2.0,1
1457,0.0875,0.05123658772523604,1.0,0.0,2.0,2.0,2.0,1
1458,0.35,0.015126992566498259,1.0,0.0,0.0,3.0,1.0,1
1459,0.0125,0.0761229303346364,0.0,2.0,1.0,2.0,2.0,1
1460,0.2875,0.5133418122566505,1.0,3.0,2.0,1.0,2.0,1
1461,0.4,0.050748620223090936,0.0,1.0,0.0,2.0,2.0,1
1462,0.6875,0.03122992013728673,1.0,0.0,0.0,2.0,2.0,1
1463,0.6,0.050610427826483444,1.0,0.0,0.0,1.0,2.0,1
1464,0.4125,0.05416439273810667,1.0,1.0,2.0,2.0,2.0,1
1465,0.6,0.10149724044618187,0.0,1.0,0.0,1.0,2.0,1
1466,0.6,0.050610427826483444,1.0,0.0,0.0,1.0,2.0,1
1467,0.009375,0.03758969818624431,1.0,2.0,1.0,3.0,0.0,1
1468,0.5125,0.0380614651673182,1.0,0.0,1.0,2.0,2.0,1
1469,0.3,0.01393967004027879,0.0,0.0,0.0,3.0,2.0,1
1470,0.425,0.020494635090094415,1.0,0.0,0.0,2.0,2.0,1
1471,0.2,0.015126992566498259,1.0,0.0,0.0,3.0,1.0,1
1472,0.275,0.12999454257145598,1.0,1.0,0.0,1.0,2.0,1
1473,0.35,0.01537917417160685,1.0,0.0,0.0,3.0,1.0,1
1474,0.3875,0.05123658772523604,1.0,1.0,1.0,2.0,2.0,1
1475,0.4,0.025374310111545468,1.0,0.0,0.0,2.0,2.0,1
1476,0.35,0.15458810467956932,1.0,0.0,0.0,1.0,0.0,1
1477,0.35,0.030253985132996517,1.0,1.0,0.0,3.0,1.0,1
1478,0.5,0.2625265161540666,1.0,1.0,1.0,1.0,0.0,1
1479,0.5,0.060507970265993034,0.0,0.0,0.0,1.0,0.0,1
1480,0.4875,0.015468569817999833,0.0,0.0,0.0,3.0,2.0,1
1481,0.225,0.014630827210317115,1.0,0.0,0.0,3.0,2.0,1
1482,0.35,0.11027245763075773,0.0,0.0,0.0,3.0,2.0,1
1483,0.35,0.030253985132996517,1.0,1.0,0.0,3.0,1.0,1
1484,0.008375,0.028302115124416098,0.0,1.0,1.0,2.0,2.0,1
1485,0.1375,0.23422440102965045,0.0,1.0,2.0,1.0,2.0,1
1486,0.5625,0.05123658772523604,1.0,1.0,1.0,2.0,2.0,1
1487,0.4125,0.17566830077223786,1.0,1.0,0.0,1.0,1.0,1
1488,0.3625,0.020494635090094415,1.0,0.0,0.0,2.0,2.0,1
1489,0.35,0.015126992566498259,1.0,0.0,0.0,3.0,1.0,1
1490,0.4,0.025374310111545468,1.0,0.0,0.0,2.0,2.0,1
1491,0.3375,0.10364429745562033,0.0,1.0,0.0,1.0,2.0,1
1492,0.5875,0.10257896680493714,1.0,1.0,1.0,1.0,2.0,1
1493,0.4375,1.0,0.0,0.0,0.0,1.0,0.0,1
1494,0.35,0.04538097769949478,1.0,2.0,0.0,3.0,1.0,1
1495,0.3375,0.013614293309848433,0.0,0.0,0.0,3.0,2.0,1
1496,0.625,0.020494635090094415,1.0,0.0,0.0,2.0,2.0,1
1497,0.3625,0.050748620223090936,1.0,1.0,0.0,2.0,2.0,1
1498,0.6125,0.11111839809247648,0.0,1.0,0.0,1.0,0.0,1
1499,0.275,0.12999454257145598,1.0,1.0,0.0,1.0,2.0,1
1500,0.45,1.0,0.0,0.0,1.0,1.0,0.0,1
1501,0.35,0.04364049521284361,1.0,1.0,1.0,3.0,0.0,1
1502,0.075,0.06441171028315387,1.0,0.0,1.0,2.0,2.0,1
1503,0.4,0.11027245763075773,0.0,0.0,0.0,3.0,2.0,1
1504,0.05,0.03259622914329302,1.0,1.0,1.0,3.0,2.0,1
1505,0.3625,0.015411575213749284,0.0,0.0,0.0,3.0,0.0,1
1506,0.7,0.16231419173453318,1.0,0.0,1.0,1.0,0.0,1
1507,0.275,0.10735285047192313,1.0,0.0,1.0,1.0,2.0,1
1508,0.2375,0.020494635090094415,0.0,0.0,0.0,2.0,2.0,1
1509,0.3375,0.10364429745562033,0.0,1.0,0.0,1.0,2.0,1
1510,0.5125,0.2625265161540666,1.0,0.0,0.0,1.0,0.0,1
1511,0.775,0.020494635090094415,0.0,0.0,0.0,2.0,2.0,1
1512,0.725,0.2995388511917728,1.0,0.0,1.0,1.0,2.0,1
1513,0.3375,0.1497654242623688,0.0,0.0,0.0,1.0,0.0,1
1514,0.4125,0.10364429745562033,1.0,1.0,0.0,1.0,2.0,1
1515,0.525,0.05130978285055781,0.0,0.0,0.0,1.0,2.0,1
1516,0.6,0.050610427826483444,1.0,0.0,0.0,1.0,2.0,1
1517,0.425,0.06343577527886367,1.0,1.0,1.0,2.0,2.0,1
1518,0.35,0.015281580671177828,1.0,0.0,0.0,3.0,1.0,1
1519,0.375,0.16883675574220638,1.0,0.0,0.0,1.0,2.0,1
1520,0.35,0.01537917417160685,1.0,0.0,0.0,3.0,1.0,1
1521,0.35,0.057970539254838485,0.0,0.0,0.0,1.0,0.0,1
1522,0.3,0.025374310111545468,1.0,0.0,0.0,2.0,2.0,1
1523,0.3375,0.016908073949327893,0.0,0.0,0.0,3.0,2.0,1
1524,0.5125,0.0380614651673182,1.0,0.0,1.0,2.0,2.0,1
1525,0.1375,0.23422440102965045,0.0,1.0,2.0,1.0,2.0,1
1526,0.3,0.09662576327876685,1.0,0.0,0.0,1.0,0.0,1
1527,0.4375,0.051822148727810165,0.0,0.0,0.0,1.0,0.0,1
1528,0.7,0.16231419173453318,1.0,0.0,1.0,1.0,0.0,1
1529,0.1125,0.031034733136428686,0.0,1.0,1.0,3.0,2.0,1
1530,0.3,0.5133418122566505,1.0,3.0,2.0,1.0,2.0,1
1531,0.3,0.09662576327876685,1.0,0.0,0.0,1.0,0.0,1
1532,0.3,0.050748620223090936,1.0,1.0,0.0,2.0,2.0,1
1533,0.35,0.015126992566498259,0.0,0.0,0.0,3.0,1.0,1
1534,0.0375,0.03659756266088288,0.0,1.0,1.0,2.0,2.0,1
1535,0.0875,0.05123658772523604,1.0,0.0,2.0,2.0,2.0,1
1536,0.2875,0.014736618564782174,1.0,0.0,0.0,3.0,2.0,1
1537,0.45,0.23422440102965045,0.0,1.0,2.0,1.0,2.0,1
1538,0.2625,0.5121218935012878,1.0,2.0,2.0,1.0,0.0,1
1539,0.3,0.050748620223090936,1.0,1.0,0.0,2.0,2.0,1
1540,0.35,0.10735285047192313,1.0,0.0,1.0,1.0,2.0,1
1541,0.4375,0.051822148727810165,0.0,0.0,0.0,1.0,0.0,1
1542,0.2375,0.051301584996521765,1.0,0.0,2.0,1.0,2.0,1
1543,0.4375,0.051822148727810165,0.0,0.0,0.0,1.0,0.0,1
1544,0.4,0.015712553569072387,0.0,0.0,0.0,3.0,2.0,1
1545,0.4375,0.17566830077223786,1.0,1.0,0.0,1.0,2.0,1
1546,0.35,0.015175789316712771,0.0,0.0,0.0,3.0,2.0,1
1547,0.75,0.15458810467956932,0.0,1.0,1.0,1.0,0.0,1
